b,T,pl_v1pct,v1_mean,v1_sd,abs_diff,pl_max_abs_gap,pl_noise_model,pl_analytic_eq_pct,pl_first,pl_noise_model_t0.005,pl_noise_model_t0.0063,pl_noise_model_t0.01,pl_noise_model_t0.03,pl_noise_model_t0.05,pl_frac_below_theta
0.1,0.05,94.83333333333334,93.68333333333334,2.7782777327858783,1.1500000000000057,0.4794045417801446,87.5,100.0,0,94.25,93.5,91.58333333333333,84.25,79.33333333333333,0.25
0.1,0.1,94.5,72.08333333333333,10.806448120805202,22.41666666666667,0.49997319041140376,64.66666666666667,100.0,0,70.83333333333334,69.75,67.75,62.83333333333333,60.583333333333336,0.7066666666666667
0.1,0.15,94.16666666666667,61.833333333333336,7.585317200818764,32.333333333333336,0.49978244730011817,58.833333333333336,100.0,0,62.5,61.916666666666664,60.66666666666667,57.666666666666664,56.333333333333336,0.8233333333333334
0.1,0.2,94.0,57.93333333333334,5.49534033815002,36.06666666666666,0.49900927833178027,56.41666666666667,100.0,0,59.166666666666664,58.74999999999999,57.833333333333336,55.666666666666664,54.666666666666664,0.8716666666666667
0.1,0.3,78.5,54.166666666666664,5.421151989096865,24.333333333333336,0.49487458547104535,54.333333333333336,98.83333333333333,0,56.166666666666664,55.91666666666667,55.25,53.833333333333336,53.083333333333336,0.9133333333333333
0.1,0.5,53.833333333333336,51.78333333333334,4.477688171146435,2.049999999999997,0.4780783037487895,52.75,100.0,0,54.0,53.833333333333336,53.41666666666667,52.416666666666664,52.0,0.945
0.1,0.7,100.0,50.6,4.799819955471069,49.4,0.45655541428363045,52.16666666666667,100.0,0,53.083333333333336,52.916666666666664,52.583333333333336,51.83333333333333,51.5,0.9566666666666667
0.1,1.0,99.5,50.983333333333334,3.5861961002064278,48.516666666666666,0.42443884000945487,51.66666666666667,100.0,0,52.33333333333333,52.25,52.0,51.416666666666664,51.16666666666667,0.9666666666666667
0.3,0.05,95.0,94.76666666666668,0.504302476351568,0.23333333333332007,0.08039349446290794,85.0,100.0,0,94.33333333333334,93.5,91.16666666666667,78.99999999999999,67.33333333333333,0.3
0.3,0.1,94.83333333333334,91.7,6.018900272792963,3.13333333333334,0.483643010726017,86.41666666666667,100.0,0,93.75,92.91666666666666,90.83333333333333,83.08333333333333,78.08333333333333,0.27166666666666667
0.3,0.15,94.5,68.58333333333334,10.238890396093218,25.916666666666657,0.4998585805802312,65.91666666666667,100.0,0,72.66666666666666,71.58333333333333,69.33333333333334,63.916666666666664,61.416666666666664,0.6816666666666666
0.3,0.2,94.33333333333334,60.85,11.061402697200277,33.48333333333334,0.49940684228492427,59.08333333333333,100.0,0,63.0,62.33333333333333,61.083333333333336,57.99999999999999,56.58333333333333,0.8183333333333334
0.3,0.3,88.83333333333333,54.3,8.457884042071976,34.53333333333333,0.49631687878950614,54.833333333333336,98.66666666666667,0,56.91666666666667,56.58333333333333,55.91666666666667,54.25,53.5,0.9033333333333333
0.3,0.5,97.5,51.6,4.004010335330332,45.9,0.4817322223378307,52.583333333333336,99.33333333333333,0,53.666666666666664,53.5,53.166666666666664,52.25,51.83333333333333,0.9483333333333334
0.3,0.7,33.83333333333333,51.13333333333334,3.26863130641618,17.30000000000001,0.46135408721436577,51.83333333333333,99.5,0,52.583333333333336,52.5,52.16666666666667,51.583333333333336,51.33333333333333,0.9633333333333334
0.3,1.0,25.833333333333336,51.06666666666667,3.5739109538673235,25.233333333333334,0.42927429746865203,51.33333333333333,25.5,0,51.83333333333333,51.74999999999999,51.583333333333336,51.16666666666667,50.916666666666664,0.9733333333333334
0.5,0.05,95.0,91.75,5.772567094819906,3.25,0.002764551038222207,50.0,100.0,0,50.0,50.0,50.0,50.0,50.0,1.0
0.5,0.1,95.0,94.76666666666668,0.3531166351571254,0.23333333333332007,0.27240770051193863,92.41666666666667,100.0,0,95.0,95.0,94.91666666666666,90.08333333333333,85.58333333333333,0.15166666666666667
0.5,0.15,94.83333333333334,89.11666666666666,5.40921139365384,5.716666666666683,0.49157385549657723,83.33333333333333,100.0,0,92.0,90.91666666666667,88.33333333333334,79.83333333333333,75.0,0.3333333333333333
0.5,0.2,94.66666666666667,67.58333333333333,9.12575043421933,27.083333333333343,0.49961780922883636,66.08333333333334,100.0,0,73.0,71.83333333333333,69.58333333333333,64.08333333333334,61.583333333333336,0.6783333333333333
0.5,0.3,94.0,54.31666666666666,10.664192421369748,39.68333333333334,0.4974011456921978,56.58333333333333,100.0,0,59.416666666666664,59.0,57.99999999999999,55.75,54.75,0.8683333333333333
0.5,0.5,95.5,51.13333333333334,4.445694268712618,44.36666666666666,0.4849244459900865,52.916666666666664,99.5,0,54.166666666666664,53.91666666666667,53.5,52.5,52.083333333333336,0.9416666666666667
0.5,0.7,36.0,50.68333333333334,3.763412228940417,14.683333333333337,0.4658566357050499,51.916666666666664,100.0,0,52.666666666666664,52.583333333333336,52.25,51.66666666666667,51.33333333333333,0.9616666666666667
0.5,1.0,24.833333333333332,51.0,3.914991761655079,26.166666666666668,0.43415540255805135,51.24999999999999,100.0,0,51.83333333333333,51.74999999999999,51.5,51.083333333333336,50.916666666666664,0.975
0.7,0.05,95.0,46.88333333333333,43.93219031278787,48.11666666666667,7.216069193050068e-05,50.0,100.0,0,50.0,50.0,50.0,50.0,50.0,1.0
0.7,0.1,95.0,94.86666666666667,0.5140014891653515,0.13333333333332575,0.07096755052086784,83.41666666666667,100.0,0,93.91666666666666,93.0,90.41666666666667,76.58333333333333,63.416666666666664,0.33166666666666667
0.7,0.15,95.0,95.23333333333333,0.5942107536498202,0.23333333333333428,0.3920037305791764,92.25,100.0,0,95.0,95.08333333333334,94.75,89.91666666666667,85.75,0.155
0.7,0.2,94.83333333333334,84.08333333333333,9.278359928509078,10.750000000000014,0.4959032988580854,79.75,100.0,0,89.33333333333333,88.0,85.0,76.33333333333333,71.83333333333333,0.405
0.7,0.3,94.33333333333334,59.86666666666666,14.194373776732116,34.46666666666668,0.49819891064493865,59.66666666666667,100.0,0,63.83333333333334,63.16666666666666,61.74999999999999,58.5,56.91666666666667,0.8066666666666666
0.7,0.5,61.0,50.96666666666666,5.878292353026883,10.033333333333339,0.487679514295487,53.41666666666667,99.66666666666667,0,54.91666666666666,54.666666666666664,54.166666666666664,53.0,52.5,0.9316666666666666
0.7,0.7,100.0,51.18333333333333,4.697287107771835,48.81666666666667,0.47004282614085474,52.083333333333336,100.0,0,52.916666666666664,52.83333333333333,52.5,51.83333333333333,51.5,0.9583333333333334
0.7,1.0,99.33333333333333,51.46666666666666,3.4523207438647012,47.86666666666667,0.4390338725579602,51.33333333333333,100.0,0,51.83333333333333,51.74999999999999,51.583333333333336,51.16666666666667,50.916666666666664,0.9733333333333334
1.0,0.05,95.0,40.08333333333333,51.28149438800186,54.91666666666667,2.583616562912283e-07,50.0,100.0,0,50.0,50.0,50.0,50.0,50.0,1.0
1.0,0.1,95.0,94.21666666666667,1.4908155030712336,0.7833333333333314,0.005536031159054433,50.0,100.0,0,54.75,50.0,50.0,50.0,50.0,1.0
1.0,0.15,95.0,94.85,0.6356196548872677,0.15000000000000568,0.13127891294471872,89.25,100.0,0,95.0,94.83333333333333,93.33333333333333,85.33333333333333,77.75000000000001,0.215
1.0,0.2,95.0,94.81666666666668,0.5690038946253094,0.1833333333333229,0.3967401259720453,92.16666666666667,100.0,0,95.0,95.0,94.66666666666667,89.83333333333333,85.58333333333333,0.15666666666666668
1.0,0.3,94.66666666666667,70.28333333333333,9.07242804420536,24.38333333333334,0.49885462663482255,68.58333333333333,100.0,0,76.5,75.16666666666666,72.58333333333333,66.25000000000001,63.33333333333333,0.6283333333333333
1.0,0.5,94.33333333333334,52.333333333333336,9.271288482377019,42.00000000000001,0.4910596529546173,54.75,99.33333333333333,0,56.75,56.41666666666667,55.75,54.166666666666664,53.41666666666667,0.905
1.0,0.7,96.0,51.71666666666666,4.268062561009545,44.28333333333334,0.47569134560918214,52.5,99.66666666666667,0,53.583333333333336,53.41666666666667,53.0,52.16666666666667,51.74999999999999,0.95
1.0,1.0,27.666666666666668,52.31666666666668,4.133908263479514,24.65000000000001,0.44621188692895325,51.416666666666664,99.83333333333333,0,52.083333333333336,51.916666666666664,51.74999999999999,51.24999999999999,51.0,0.9716666666666667
1.5,0.05,95.0,20.083333333333336,41.94442604856109,74.91666666666666,1.7735202195723332e-11,50.0,100.0,0,50.0,50.0,50.0,50.0,50.0,1.0
1.5,0.1,95.0,47.2,46.928419355544854,47.8,5.719935629017181e-05,50.0,100.0,0,50.0,50.0,50.0,50.0,50.0,1.0
1.5,0.15,95.0,94.15,2.0328323608717533,0.8499999999999943,0.008291486024191719,50.0,100.0,0,68.83333333333333,61.416666666666664,50.0,50.0,50.0,1.0
1.5,0.2,95.0,94.83333333333334,0.51520102752754,0.1666666666666572,0.09078963165250681,86.16666666666667,100.0,0,94.58333333333334,93.91666666666666,91.75,80.75,70.25,0.27666666666666667
1.5,0.3,94.83333333333334,94.86666666666667,0.6421414789688904,0.03333333333333144,0.4528410315474854,90.33333333333333,100.0,0,95.16666666666667,94.91666666666666,93.58333333333334,87.5,82.91666666666666,0.19333333333333333
1.5,0.5,94.33333333333334,57.65,7.192009454943729,36.683333333333344,0.4949958794864319,58.916666666666664,100.0,0,62.74999999999999,62.083333333333336,60.83333333333334,57.75,56.333333333333336,0.8216666666666667
1.5,0.7,67.5,52.8,9.234529939844071,14.700000000000003,0.4833831009372788,53.666666666666664,100.0,0,55.25,55.00000000000001,54.50000000000001,53.25,52.666666666666664,0.9266666666666666
1.5,1.0,34.5,52.93333333333334,3.580813067198877,18.433333333333337,0.45737443265662864,51.83333333333333,100.0,0,52.583333333333336,52.416666666666664,52.16666666666667,51.583333333333336,51.24999999999999,0.9633333333333334
2.0,0.05,79.0,20.03333333333333,42.05858641654549,58.96666666666667,4.08006961549745e-15,50.0,100.0,17,50.0,50.0,50.0,50.0,50.0,1.0
2.0,0.1,95.0,40.05,51.41756257098094,54.95,5.179667008081701e-07,50.0,100.0,0,50.0,50.0,50.0,50.0,50.0,1.0
2.0,0.15,95.0,85.45,16.354115652196914,9.549999999999997,0.00040242691563358024,50.0,100.0,0,50.0,50.0,50.0,50.0,50.0,1.0
2.0,0.2,95.0,95.43333333333334,1.1711553860490116,0.4333333333333371,0.01103047802954027,50.0,100.0,0,75.83333333333334,70.25,54.41666666666667,50.0,50.0,1.0
2.0,0.3,95.0,94.83333333333334,0.5665577237325314,0.1666666666666572,0.22824622407035616,92.0,100.0,0,95.0,95.0,94.66666666666667,89.33333333333333,84.33333333333333,0.16
2.0,0.5,94.66666666666667,70.31666666666666,7.605411491209226,24.35000000000001,0.49723650198841635,68.0,100.0,0,75.66666666666666,74.41666666666666,71.83333333333333,65.75,62.916666666666664,0.64
2.0,0.7,93.83333333333333,54.5,6.586555704568413,39.33333333333333,0.4890531430866854,55.75,100.0,0,58.25,57.833333333333336,57.00000000000001,55.08333333333333,54.166666666666664,0.885
2.0,1.0,44.5,51.78333333333334,4.30048088037479,7.2833333333333385,0.4671010112136258,52.33333333333333,44.0,0,53.41666666666667,53.25,52.83333333333333,52.083333333333336,51.66666666666667,0.9533333333333334
3.0,0.05,0.0,69.95,48.231825080721165,69.95,8.104628079763643e-15,50.0,100.0,-1,50.0,50.0,50.0,50.0,50.0,1.0
3.0,0.1,95.0,40.06666666666667,51.546586863573715,54.93333333333333,3.5529579278659185e-11,50.0,100.0,0,50.0,50.0,50.0,50.0,50.0,1.0
3.0,0.15,95.0,79.96666666666667,42.14618884985807,15.033333333333331,7.774064252896729e-07,50.0,100.0,0,50.0,50.0,50.0,50.0,50.0,1.0
3.0,0.2,95.0,69.8,40.50291865721638,25.200000000000003,0.00011452668347178285,50.0,100.0,0,50.0,50.0,50.0,50.0,50.0,1.0
3.0,0.3,95.0,94.91666666666667,1.212715552941281,0.0833333333333286,0.016459718310442795,50.0,100.0,0,82.91666666666666,79.16666666666667,68.5,50.0,50.0,1.0
3.0,0.5,95.0,94.9,0.8895830622776962,0.09999999999999432,0.41406714746336226,91.83333333333333,100.0,0,95.0,95.08333333333333,94.5,89.33333333333333,85.08333333333333,0.16333333333333333
3.0,0.7,94.5,69.61666666666666,9.109434127510708,24.88333333333334,0.4956482512312495,65.91666666666667,100.0,0,72.75,71.58333333333333,69.33333333333334,63.916666666666664,61.416666666666664,0.6816666666666666
3.0,1.0,99.5,52.25,6.4636925195784425,47.25,0.48167736152257423,54.41666666666667,100.0,0,56.333333333333336,56.00000000000001,55.41666666666667,53.833333333333336,53.166666666666664,0.9116666666666666
5.0,0.05,99.66666666666667,40.016666666666666,51.625458477024324,59.650000000000006,2.3314683517128287e-15,50.0,100.0,0,50.0,50.0,50.0,50.0,50.0,1.0
5.0,0.1,100.0,40.016666666666666,51.625458477024324,59.983333333333334,8.992806499463768e-15,50.0,100.0,0,50.0,50.0,50.0,50.0,50.0,1.0
5.0,0.15,95.0,49.983333333333334,52.65198166108761,45.016666666666666,2.1111445924759664e-12,50.0,100.0,0,50.0,50.0,50.0,50.0,50.0,1.0
5.0,0.2,95.0,40.03333333333334,51.61112905154574,54.96666666666666,8.76960426499096e-09,50.0,100.0,0,50.0,50.0,50.0,50.0,50.0,1.0
5.0,0.3,95.0,35.15,42.92833893770661,59.85,3.616737584083429e-05,50.0,100.0,0,50.0,50.0,50.0,50.0,50.0,1.0
5.0,0.5,95.0,95.05,0.8427248573438375,0.04999999999999716,0.027132269465660663,62.25000000000001,100.0,0,88.58333333333333,86.25,79.66666666666667,50.0,50.0,0.755
5.0,0.7,95.0,94.76666666666668,0.699205898780101,0.23333333333332007,0.306683883829428,92.58333333333334,100.0,0,94.91666666666667,95.08333333333333,95.0,90.25000000000001,86.0,0.14833333333333334
5.0,1.0,94.66666666666667,72.6,10.11971550861528,22.066666666666677,0.49519359272121,69.25,100.0,0,77.41666666666667,76.08333333333333,73.33333333333334,66.83333333333333,63.74999999999999,0.615
