file,sha256
b0.1_T0.05_k0.0.npz,fcdf5b3279e03792232478744d12c26e9f9f2f9d23a579b8d7d35dbe0f274cdf
b0.1_T0.05_k0.02.npz,448edf970281188a3272445f8247a552303f87b14effd134c1e51e7750f7941b
b0.1_T0.05_k0.05.npz,4f7f1e7c74ca80a29209a10a827cd78fd1c286287bf6fa349a1b1b97aad3cbb6
b0.1_T0.05_k0.1.npz,9905005307df61572fed43ac2a1b9a48163910148f9044644f220a204435917a
b0.1_T0.15_k0.0.npz,811bd0da3dd4d6b16b6e0a995a60a1bebe67202dad9077800b0ae0ac0f5669bc
b0.1_T0.15_k0.02.npz,fd2f86030b7cfb6df6cdf539e9b60e3ae3e4af14116e35dad12f716747cc32fe
b0.1_T0.15_k0.05.npz,9c3c5c544d34e9eb0882ee3e321a0aab1640b82f4fe3deee3581e534c8456aaf
b0.1_T0.15_k0.1.npz,6261d278fce677715cba1f947fd819e5057973ca40a489460b85788e376f2140
b0.1_T0.1_k0.0.npz,308e63f8c4c953a1c07833f3adafe3479ea96dd7448ef80d4284b875634ae6fb
b0.1_T0.1_k0.02.npz,d377a7c0704ea81ce5e151defcb054dcbe4ff6293ccb3fb233531db35971e049
b0.1_T0.1_k0.05.npz,6bc1d8fc76b5c7e3d95aeec55dc45738c1429aefc9a473865525773c3abe0ed7
b0.1_T0.1_k0.1.npz,f68d95f8b618c19365405be7e014f368ccd0f6b195081dd73951f38c72294c24
b0.1_T0.2_k0.0.npz,7e5b7b5318ba01fa2430801b696772d0867e98a8cf890a528c006c076b21643b
b0.1_T0.2_k0.02.npz,12b6d9c13106e68a45f37d68564727a73a9215681e765e3351b167c7842ee415
b0.1_T0.2_k0.05.npz,023f093632937c8b63e263ad8cbb2e78c75d5024c4b7fcd18a40b53e60b0710c
b0.1_T0.2_k0.1.npz,553c0be0ceb3a72c0179bc9e92f1d366e057828ece026622cce6d1b158c5705d
b0.1_T0.3_k0.0.npz,d1252c55ae3109e6152716c6e22b761345df4b1b98402a786678e29ec46f3a09
b0.1_T0.3_k0.02.npz,7766648dabee501194dc97ce2971f9994e38a66662215066856e6f816c9a9d91
b0.1_T0.3_k0.05.npz,1d83dc73e72b6a140fc720dc1094851853c7b2ec2156a1fb6d31829e3bc86769
b0.1_T0.3_k0.1.npz,b9255ddca47d48017f6df824cc80f97edb09396f728700105e192a8dd25087a6
b0.1_T0.5_k0.0.npz,63d5c5b745af63e7ab004058d7d8b3e958de1a8c8fe255358ebaf38efd19a12b
b0.1_T0.5_k0.02.npz,bc36b77f52b7d0a6cef0c07b0843cce4d2d6e7dbee378bb4acf4a37030abb078
b0.1_T0.5_k0.05.npz,2dd2f6971692b46e6e1ade88bb74fc0fefe339824ff5b61ceec21e74437f8c6d
b0.1_T0.5_k0.1.npz,f82295688c198a4aff78e912707aa932df7c78bca16b1de5cb2de06687f26f6a
b0.1_T0.7_k0.0.npz,f12332b6e780787550e830a763f51dfb45dfdb52a4c449820c5f53d6d72caced
b0.1_T0.7_k0.02.npz,9e15497b7753016571e30ec051649a908ebe237a2d2ce2b61450c72d2b7f28bb
b0.1_T0.7_k0.05.npz,b02d1d45a83c17bac044b470ae081d71b782828c619ad3d15fb4a0c973dea34e
b0.1_T0.7_k0.1.npz,eb3301b5305f402d981235218494d3f7319b16f3550334ffdd15b0dddba26a64
b0.1_T1.0_k0.0.npz,edd4b313bf6b983ddc191962d725c6fde87751c5a7b0af34774ce8ae41eb8215
b0.1_T1.0_k0.02.npz,12fa9c383f9cacc99e5ff1696ec01c1a840240a579029f8602505f39268888ee
b0.1_T1.0_k0.05.npz,e4716bd850bd20cedf8e48428267836c770efcab6e85d76e2744a80aa95bc8ff
b0.1_T1.0_k0.1.npz,21a9277d4a6de44c939f918ff069270b31920e03e15339d6e0b45d49c5adf29f
b0.3_T0.05_k0.0.npz,daa093af39750a566b667e4f05dc9fdb54c66350c8943c2d28f98d0f1d7012df
b0.3_T0.05_k0.02.npz,7b82a7df5a92e3e25a6dd14b155465e69c256cfceea055764aab378c33d1d5e4
b0.3_T0.05_k0.05.npz,4f6f53c73e86c3f81765e3c25a032b8bd0571b3041a68970c29cdcd47ed75206
b0.3_T0.05_k0.1.npz,80b556ab2f8a4fceb7b901fd5a956800bd9d8e2520bf63ccdd9761a7bc62291b
b0.3_T0.15_k0.0.npz,67522f178d315f217947abf281278f28341ff9e5a33cabc6772cb35d4d9489dd
b0.3_T0.15_k0.02.npz,439d13db4c6748002f54803f0059a0dfcbaddf3725fcc967090dd384d5514ab9
b0.3_T0.15_k0.05.npz,7727d5965c402ec156e1727f6ec3e76174b9de9c9913c4c80ed90ccc788116ca
b0.3_T0.15_k0.1.npz,b0eee8d278c8d1f6cf276b7dd51956fe91c97a5440c9a2f7f62d2e5bc2c3e1e0
b0.3_T0.1_k0.0.npz,f918c30f1ab46922653d5891dd73999404e4412da8ab418c87531715816e4164
b0.3_T0.1_k0.02.npz,076195a81efee1b9aecbddfa9afa11746cc37e02bd89250590b14f8cb51ab471
b0.3_T0.1_k0.05.npz,faae6a94dce3b82117d16c0fcaeb2d70ad2674697fbeee5f4a925517647d415c
b0.3_T0.1_k0.1.npz,89dd79508045a990ed3e045fd2fffd04eff01b4e50591c5b13f8f74b48367e2e
b0.3_T0.2_k0.0.npz,c63155fd89eba4909455b67c044eb490f55a7e971e6bfa05b7df74af30242583
b0.3_T0.2_k0.02.npz,69c4f971e40372dc1c5143fb13e8ab66f212aab87ec930b0e090c2fd767c55da
b0.3_T0.2_k0.05.npz,aeefe439d0aa18830611c45fcf84812ca4ebaaec3493f5a666a130c600bc99a0
b0.3_T0.2_k0.1.npz,00212301736b6f668b07957fca8d6f8f97ffb01ec247f7f1cfea0f66c8369046
b0.3_T0.3_k0.0.npz,00ac640a29e471b5e50b185ec6f372b7694b85eef3e5a7d415103ba97805de0a
b0.3_T0.3_k0.02.npz,fbb4eb677dc61abad3cb4552c50150f690aec2a2534dcbc92cbd0b06d30923da
b0.3_T0.3_k0.05.npz,0e0d9526828b5cbdeb80ae2213f7effe53cf4d31287bd5372ba8d329c8519f22
b0.3_T0.3_k0.1.npz,4b3864d27fd12bc4e98eb843c52fa2d1169c0b144860f49538a39ec6a2ae1883
b0.3_T0.5_k0.0.npz,73c7f1aab8a901ca44b2c52bcc35d3aca683e9c942f4418efceb6ac6b4e76a0d
b0.3_T0.5_k0.02.npz,71ae1a66656671811a63e221acba137cbddd536ac7ff9611a3f3faebc5730ab6
b0.3_T0.5_k0.05.npz,bd7e435b8329fd9414ddf84160eec25f2e4e26ea470fd8864a582994e3d6ddbf
b0.3_T0.5_k0.1.npz,192d0ea1822f640f4a386595424d5a3ac535a72f99afc95c10d4f44037ebfa46
b0.3_T0.7_k0.0.npz,3eef233cd22b667fae110c874f6a1b79ce4ec1170d34ea1e41f6a015a13885a8
b0.3_T0.7_k0.02.npz,16c5a3691e3f9e39f2c1a2830b76772dcaf5317d07d89e428ed4479c4d45b63b
b0.3_T0.7_k0.05.npz,687653ff34bc94bc87e6e98b7904a9acb9cb58ff64088ab2bc581bdaf763dcd8
b0.3_T0.7_k0.1.npz,cf72c4769c8cde1899535a45963ec444d5c76a4442894a3e9573baa99e0bf9b6
b0.3_T1.0_k0.0.npz,470748945a1021aee74a633d4529853f81446d9371c5dd2ca43aa15b6b732094
b0.3_T1.0_k0.02.npz,5def053484f8d7e703820cd344ce4635946fbc75c152f66a2d543f662fa98a78
b0.3_T1.0_k0.05.npz,a16e71079470d4a05ef7856df1c314997cf0285f261989922f86dd3654f8e543
b0.3_T1.0_k0.1.npz,233e8e6aeecc957bc3bb0ffc337daf114dea16a6481cedf521d46c4f85e0daae
b0.5_T0.05_k0.0.npz,ef07585c71ceb1b8e763607454d36c86c44366ce40ccd7e3c773eed23583f0ba
b0.5_T0.05_k0.02.npz,94f5c5b39621cd06946c011523b2ea0fd365bf519f83a40d20938d3e4ab1ec55
b0.5_T0.05_k0.05.npz,e89ac42d1647da76f5c08883985ca6bdb77c8317383ca3b609dd61d3c98307a0
b0.5_T0.05_k0.1.npz,e3c6d9829703715af43d7768d2d55cc602bbb6d8440c929df77bce44ca66c8ca
b0.5_T0.15_k0.0.npz,4540e7acfed142008b33bb92d94c287d1cb9f411783176d7113cd60b7a0a4874
b0.5_T0.15_k0.02.npz,27a0336b4ca25488675d33d5a73839737d243d61d025bcaa99097ef521fb36e2
b0.5_T0.15_k0.05.npz,b22792f230b92e53fbea4098f2349cc238b741746cee0d2ef70200c8d00bc918
b0.5_T0.15_k0.1.npz,7b92a84759844ca340431675e7bde92fb6f18a489409f9f325d001db94c249ac
b0.5_T0.1_k0.0.npz,b43fadab8c631b847ef881012146e290f8a4ed15b239078e1f858cdf848cb9f3
b0.5_T0.1_k0.02.npz,f10ea21478acf83da5bfb0fd8ddd57cf735e8ae23819dad95dbcf63cebf72620
b0.5_T0.1_k0.05.npz,5344ec77305e1357852e731d0e9fa886e72330843d83dc953778d57a0b2f6677
b0.5_T0.1_k0.1.npz,0f0edd1a9f3feaaea48330553f9f0fcf15a4d895e2616106e5b44b55c30d099d
b0.5_T0.2_k0.0.npz,a3e26a430d99240fc0df8d066ecc918361d76b86be1f6ffcb7b143032f9a2137
b0.5_T0.2_k0.02.npz,08c6297476c699f9d5d267c41804fe328001b1071d563e3b3a7bd0a23f737b71
b0.5_T0.2_k0.05.npz,f89c01a5004d5c795beb733f562faea27116e9a391ff843ac174a5c7d3116a30
b0.5_T0.2_k0.1.npz,f29e35545ffc12fc7b15774d706ac0c5ddcb1d64f5d82b5ec135df5ad29e9a41
b0.5_T0.3_k0.0.npz,cd45f2e1809cc6abda1c09582e84b55458f146fb0f7cbba98bbe5953287771b9
b0.5_T0.3_k0.02.npz,b903807accaa1f596f65ca9ebdcf7a90803dcae1785821263f62baaaa3be8a96
b0.5_T0.3_k0.05.npz,83395e4035f5e836b21596ad9e6366bc8450c0e2a76cebc7e2dbbf1c83e81401
b0.5_T0.3_k0.1.npz,d13f6165bbd52b926d6f678902bca972cb2cf8972706bd9a20aecc9a52265611
b0.5_T0.5_k0.0.npz,777856ebe6c2672822ce3a8fcc7ccf5b112b1e4d69e63c46e90b4f7d501b0e14
b0.5_T0.5_k0.02.npz,7aac893018dc0a658daae695cdb3179cda318e17a68bd11b8607f3792008886d
b0.5_T0.5_k0.05.npz,f53dd22907ccd9c0d4ecd3b4a24d8911e6381d3c9722b0aa64efd8cd76b87318
b0.5_T0.5_k0.1.npz,4ce3a6ee804dcf566762aba25567a832f641ca382f2e44a32812e083b6ace130
b0.5_T0.7_k0.0.npz,663452c6a32d68898da86037eb5164cfc52a1035ba74358a8b3b7c4884d74f49
b0.5_T0.7_k0.02.npz,dd92ce09f7736869e5e4e34534a3ac7d462da88dae9bc16ac1d36d743b430483
b0.5_T0.7_k0.05.npz,3af94e86bb925124a7308f104a5e391e4205debe27a02276e7f8d5cc3214f973
b0.5_T0.7_k0.1.npz,f1be2b9505fa1a0fc2567333c3a58879fc7502f07ce36abf64efb0b637cb7db8
b0.5_T1.0_k0.0.npz,a70cbe26a3377af402f0e2bee8d8ce8c222aef158d2c9751a8f9bf95abac1571
b0.5_T1.0_k0.02.npz,687a25fea842855655944d675d795fea2d4612ec7fc5cfeb70ae629499586a7f
b0.5_T1.0_k0.05.npz,da333f8673d3deebfebaab98f86e7b1a8e42fbd9dff7b13760e1188ca2e9589c
b0.5_T1.0_k0.1.npz,df271e9fe84538589349b83f2e23a5955c4c8dd3cc1da3b26234c20e3d05bba2
b0.7_T0.05_k0.0.npz,5b8511d06cd2d09d492060f85b5a85d4482b009a98afc42852d8faec9a0f5bff
b0.7_T0.05_k0.02.npz,d608c731d44cd90900e0e9e11d7e60b4d9b90440807d6961bb23b8e5cd7a5db3
b0.7_T0.05_k0.05.npz,a31c94a36a0acfabe4e0659f5b4612e99190790f70a0158ed26589e1cea8794e
b0.7_T0.05_k0.1.npz,f457de11fac0164a9a9b6fdc0e11656c6a845f05d0e5f08c3c807e9cc5b5f302
b0.7_T0.15_k0.0.npz,f2cf16979fd4600a54e0d7a3a580aa82986142a70e883dc2fb76fac02daa2b59
b0.7_T0.15_k0.02.npz,68558c342f3037f4e81ba69ec28e7fb944f3455a6fe51e27f8552da2dc7d1ff5
b0.7_T0.15_k0.05.npz,383337c81a49d7276f9a5219df2e0ed9d7ccf855566662f41b5f52185c8cb19b
b0.7_T0.15_k0.1.npz,c382ef9964fbb2ce0dadb8d674002b59106bfe865ff9b708492da1fb9c1d0790
b0.7_T0.1_k0.0.npz,3516265897cf380bc46cd2c5a7f585f0db2c03255e9096b3081b390c4fdb1ade
b0.7_T0.1_k0.02.npz,544bff1f3cfa41f3e8e6f9fa2b0ce5360196d24c22433baf85ffe406936ca927
b0.7_T0.1_k0.05.npz,e30630b7e2e6933374569a8d0c787ca1d4bb625344d179116f901988868dfcaf
b0.7_T0.1_k0.1.npz,a6970fbf53e8706e70b82765e66e2a1ca8e11de86c5ff7b514e55a1aa189a02d
b0.7_T0.2_k0.0.npz,ca209dbefc557d2221f810574cd5338a64d477e7311c6fab3774d8a598aa3b12
b0.7_T0.2_k0.02.npz,e21940080e2f8fad85d0f936e0e175c4e3637732fd0ad1e3453490e97f986df9
b0.7_T0.2_k0.05.npz,4fc98aa1c283ab016fb3b960f7268c6398626d7fb6e77084da223060ea6b7063
b0.7_T0.2_k0.1.npz,a805462c809957bef913ff22432de7880a498b561a43f372d23fd94ebd7458ed
b0.7_T0.3_k0.0.npz,7d57946974c59e5dd6aa64a24798d9e6622be5c4ade961ba08ceca01730da8de
b0.7_T0.3_k0.02.npz,e5768f3c5a09c8a46d5eaada98b8e3e6d572d18fac442a87ed6356e31d576dfa
b0.7_T0.3_k0.05.npz,5ea24bf8ae9e8955d7551ec2a6eddb62322730978961a9e7fe95294e4469103d
b0.7_T0.3_k0.1.npz,ed52b27947691ac5e982bc4b5b13cece0309b6e107dedbfd6ae2392b938da69e
b0.7_T0.5_k0.0.npz,ade66c7161d86bcb36a241fe4f6b4e3f994c8bdf29bff4357c6f8467219891c5
b0.7_T0.5_k0.02.npz,b4bead429c2cc9e705f1ae87c5c2d4d4c6be75e64e31f2a360c3497692621782
b0.7_T0.5_k0.05.npz,cc039a3704f54c929d2a285abad0c5af819d0ddf6ee8d79af36aaca3009c9e80
b0.7_T0.5_k0.1.npz,6f3be9d2244d395813e583504ea915d5958b6980e4418da0adcb7ac5e826191b
b0.7_T0.7_k0.0.npz,9563dcc6967a3e384ee8c7edad6cc0694eb874edfe671d1c601b0f1da139688b
b0.7_T0.7_k0.02.npz,9f8b89843c5cbbe43d2cece58ae98a18addd46434e9f1f792350c257a0f622d2
b0.7_T0.7_k0.05.npz,99f736c10eb7374d5a09f48cf9415d3eb200678e651998bcd3f3cdd92466e97f
b0.7_T0.7_k0.1.npz,29a52c49cca254cdd6b6ca5c5759aca74a5c328ead95c5b33b505925f00fdf1d
b0.7_T1.0_k0.0.npz,b4bf4f3abefcab775a3d2ba9b5e2b36d6c11add88dc4fc0e05b883851ba4eb5e
b0.7_T1.0_k0.02.npz,aa8f53e8ed6cf137db33ccd60f1cdee0048a24397167b88f9ff1b429603eb684
b0.7_T1.0_k0.05.npz,ebf3f7b6e818275042214bdaaa4775c374336c67356b319c7467c3263d0ad61b
b0.7_T1.0_k0.1.npz,4161a207ed389d94d7e6150e8737b7c3b7665d0ae0bc147373f1a12ef27ec059
b1.0_T0.05_k0.0.npz,f4a6c8f96dfc8b7c431fc020a979678d76faa6b848e58673c5ab1fc7c839d30e
b1.0_T0.05_k0.02.npz,a81c4ddba2708ccf2e7107ebe9d6a04ee1d7bcc0f41d772e0293354f120bf3e3
b1.0_T0.05_k0.05.npz,51093b9cdd0ab9936c3de3b80e1e189bff65490ff59f411c25cf0605a536775c
b1.0_T0.05_k0.1.npz,0464cc32858c2a340d2c79bd60b522dbfbc65d73e8b5f13ee4d9098dd810b5fa
b1.0_T0.15_k0.0.npz,9f51f34fd0a5d500933256eed412856bc2227e2bd466acb5e614281168c97874
b1.0_T0.15_k0.02.npz,d170dd402eb0fff0a03507c16bc0a6588185be2a3b21f44be28eb7d5fa2bbce4
b1.0_T0.15_k0.05.npz,253e752cc26d9f0737c67bdb0238b7779667a0e972fdb7af2d169aa8531b8a47
b1.0_T0.15_k0.1.npz,cdbde72a6b39dabf121572941c89b9ef561f1ef3eed9e73c08fcaba1c30b55bd
b1.0_T0.1_k0.0.npz,a56528b39b65a220178498660aedf23f7abf91dfbd8ffdaac8e4c0b0f340519e
b1.0_T0.1_k0.02.npz,1e37245384c98a75727dab678b126c009c6ed36a01d61d23520acc7e3c54d3c4
b1.0_T0.1_k0.05.npz,d9ee8adbce5514e430c95c7fc61d99ba25145f1e543d6e3b59117524d68456ee
b1.0_T0.1_k0.1.npz,4aca39422276748106c6aa061d6cfce92a8c628779045afc9db8a6cd47d9c425
b1.0_T0.2_k0.0.npz,06026cf3234806a6c14041f55027b2c18624fc66356081a490b64dd24be3e96c
b1.0_T0.2_k0.02.npz,6e5862418535d7f1d43517880a7bf7eda19731cc3f6361f05b7e9ef6dcfeaa6f
b1.0_T0.2_k0.05.npz,e2ac3f1ab7863cf31ef1e94fe449142bd7b98f226709b1b3b50cf8dd93453e64
b1.0_T0.2_k0.1.npz,59a4dc3c380af7f66e5551242973a3cf6fde3da02647c3ee4cce3ec5427814b6
b1.0_T0.3_k0.0.npz,c4648c8a69cac66d88cb052352b60982da94871c37ffbf26becd6915df5ffac4
b1.0_T0.3_k0.02.npz,167b66e8b705b1bff7e72986d004a65d68add74785f95bd1e383c7473099dfbe
b1.0_T0.3_k0.05.npz,6ba55c0c7de5986cf881d2bdb8cb35afb19e1066ec9ee55fbfe8ed3017fd4269
b1.0_T0.3_k0.1.npz,2fe4f83713fec7c58d54ac2983f0e31139ce4a94f7b0a50440123425afed34e1
b1.0_T0.5_k0.0.npz,a1890ba99a6c9b70ceab2878f53f6be97addd65118e98a4e03a3128be640d1a7
b1.0_T0.5_k0.02.npz,91cf3140d003a8b57a64d22246c2daa700e72ac657f8f6daad200a8d9d7eb183
b1.0_T0.5_k0.05.npz,351bf39af850ce932fd1bb801100ec7c0002eb35e9ec23ff9c4cbf184740b092
b1.0_T0.5_k0.1.npz,90cfc629a8701c02d70b571bc1c15c351988c14b124f99e73c694677400d6a18
b1.0_T0.7_k0.0.npz,3c449bd71f6a74ea8cad83c4fae7844424da8e7e95da85c6224300a2dd0cae5a
b1.0_T0.7_k0.02.npz,b095151020177ff24a1aacf04091f16e0a4130fc1396f91eae2ad0821a8766bd
b1.0_T0.7_k0.05.npz,d41977259bd15720e57b1fdb62b7834e417ca8396abf2523486bbf631c304703
b1.0_T0.7_k0.1.npz,5f829adcbc494770bf00332ec0d7bfdf8d99ade35e452040a320ef7f55cda88d
b1.0_T1.0_k0.0.npz,386a039dd2c4fd603371c892c950c165efff46420a4dd44c472b9bea72925366
b1.0_T1.0_k0.02.npz,361afc9fb4f89375698171f1e7721837aa3e2a5244f940bcf2134aa365320c14
b1.0_T1.0_k0.05.npz,cd3a15248ed7fcb143a262b03fb15e179c3960bde867dfa32e804bda9c33a2e9
b1.0_T1.0_k0.1.npz,c7f9b6044ba02b876ed9b6cfc5c1dbe2c5651c1926663f058dc7b2164165fbed
b1.5_T0.05_k0.0.npz,1c60d74a137ec6865685ca7ffa70519f83e6689f31b946d5a9f8859ac12485fd
b1.5_T0.05_k0.02.npz,61c7144fc04bb8894a4e6d3d8915113d7dc6066fc09a2066d2b7640bf1006d25
b1.5_T0.05_k0.05.npz,24b67cc943144b01d2e65dacd711af35bbd93582bc876cf5a03e5c2638b4e4fe
b1.5_T0.05_k0.1.npz,0c68469b2c2dc988899eaf52e98323192aef8937c93475b3b1c4fab45ffff48f
b1.5_T0.15_k0.0.npz,3f9418d0084208dad760b4b5d31d9a0648294235604946c3cfdd7cbdfb85f005
b1.5_T0.15_k0.02.npz,5be03395509f348bafaedb8932920233a0626173c59e41aa37a9747116aed4ec
b1.5_T0.15_k0.05.npz,12d0071b027c35a1cb030a76c8d7caa092df3c08a33e03e54f49afd2a50b17fc
b1.5_T0.15_k0.1.npz,f03894896c0a37c7016753f3d96040fdce179abba1a8156931de367be83cacb6
b1.5_T0.1_k0.0.npz,c49b70dedd46fd57e034a5627e239d6344bd5ff96db8ab5103731ade6c97b70e
b1.5_T0.1_k0.02.npz,2beb1209a9fc638ddeaa6ec2afc3fe0cb994b23fb513d0f6997312a7ffc7bab4
b1.5_T0.1_k0.05.npz,dc8bf4612528f20d42c9efc33695cae3eff4a5e1704c43dd3ce265a46b728b07
b1.5_T0.1_k0.1.npz,ac07de96449d653ad8412cb1cff7dfdb538489a034992e680281f7cb241499b6
b1.5_T0.2_k0.0.npz,82f6544f09aa941a71187b9375b36eed3cb8a27245e52487fe0957d022d95ad3
b1.5_T0.2_k0.02.npz,2b267a37a952c8bdc41e5b7bb1cff2b8f7bc52a4315982924d670edb6b941653
b1.5_T0.2_k0.05.npz,c40c2a3f43b5f8037ce7f69c597ecb7ac984489efe94cc43b8633bbe2f620d34
b1.5_T0.2_k0.1.npz,10478d891dd250ce5208a130893190cfcda75d24ee9161150377add210dbf5d9
b1.5_T0.3_k0.0.npz,da589cb751e0030da96a67f96181380dde6f5a3a3a0c17e31e364abd5072359e
b1.5_T0.3_k0.02.npz,6f47f52e1b1251e28f8c605675730a5b1bf3f89f4aa745c2919a78102f3002c1
b1.5_T0.3_k0.05.npz,92f67f800b0fbaca0de8fa2a03caf55ef9991fd3aaba4fee942b04595bc663f2
b1.5_T0.3_k0.1.npz,914675ad1bfc8dbb7d47b4caed2ec894269d86b0310dab5d567b531881dd7508
b1.5_T0.5_k0.0.npz,435510fb4dbc42e729f3f337244e43177d5e8b93c06e0354f38cf4659355c9fc
b1.5_T0.5_k0.02.npz,05b5ffa6a8c5612c24c1a03c1386f694cf4062a6140c269a98543404abc2fe94
b1.5_T0.5_k0.05.npz,ccdee68312eb7c034f08ce58a5e04a97e31263af8dd8420abf77f5293bd44053
b1.5_T0.5_k0.1.npz,6c28d3106ee66e207d6f0cf5b8092d436ac9518ac3b0b06227b6a0963476b206
b1.5_T0.7_k0.0.npz,ed5d656b3fa007afd9bd5e07e5b19d518918a1f1df33985d3ca1fe85bce9171b
b1.5_T0.7_k0.02.npz,2cda12a0cfe6ae8ed710558fe813338b4a5fd205d5205622931dca091bfe95e5
b1.5_T0.7_k0.05.npz,8908f826d6bad40e0a872b3d7ea4502cb81c3f941db45f1eb7051234e861a83a
b1.5_T0.7_k0.1.npz,e6ce1c906445fe72a0af9872be37ddf9f786575a5fc5f7d956a34713d1b0a146
b1.5_T1.0_k0.0.npz,4ddc746d5397fbc6df564101ee6b04f8fbd1f2d14be782ca50ac7b90dd669c01
b1.5_T1.0_k0.02.npz,a2c2c8d2a68014227d011b90ad411da7e5f91669169a6340f6f4a01122298ebe
b1.5_T1.0_k0.05.npz,c93b1b71ace3bd97c7372fe581b7adb74c547f2b60502a5e29f74df98f547406
b1.5_T1.0_k0.1.npz,02a5f7e9e0626fabf23cd21842f9c786c3a8ff06b47852d38b8d257a520828a2
b2.0_T0.05_k0.0.npz,41cb2de0f8530c85836dc7601f440c040b77e9119528db683d2ccc5b048d7fe9
b2.0_T0.05_k0.02.npz,9c8b2dd4b048a4d098c291945e0d4ea6b63e821ecf6e5558b7700d93fb7952bd
b2.0_T0.05_k0.05.npz,c4abaaa494f54765a4ab1e84a394dd6eb515aed4978cb0a68b86c07f8c567ba4
b2.0_T0.05_k0.1.npz,4c8099bfe7753aec4ba0f003289f3be09795b7edb68df7c89dcb180f62347a48
b2.0_T0.15_k0.0.npz,fddd209df8a7c81f3664dd97c30062a46bbc3b8d4758ff44fba3294281d0fb5e
b2.0_T0.15_k0.02.npz,97950d274fee3951a913d45ff781dcd197d6293e39931c7e924f73c57a40fd1b
b2.0_T0.15_k0.05.npz,e56f1ded1186f72e53c98f02b2b6ddf49797eef7f60cf81c9dcb04d4a24639f3
b2.0_T0.15_k0.1.npz,1c070a4db91120e434edf4bfe57f6cbcc71190a977d9edadf4f5698c8c43137f
b2.0_T0.1_k0.0.npz,e557ee3a3ab29daca9ebee40dfd601e346c4cef25067c21046454010baf51214
b2.0_T0.1_k0.02.npz,e0ff42782bad1ee68d69eb139bbc62cca3ea0fc09ef0ec78d985e3357df21e71
b2.0_T0.1_k0.05.npz,3f76d4da031b95c7a4311a8bb10b9592d12c017aea3c9cf77d6c5f718d9c5b64
b2.0_T0.1_k0.1.npz,8e370be4df9f078eb8d28f392d6c5695a7550d47c6b474dd8b67a7cd84349f0c
b2.0_T0.2_k0.0.npz,b1099b7e6f2f1d6c47393a918f4b503ccaa67739a16438ce6b2d154b7a6b8e06
b2.0_T0.2_k0.02.npz,e5fc1f29de0773b62ce6efce46406604efd45c0a090686d960cd4a0bf92fb1cd
b2.0_T0.2_k0.05.npz,d727256489475d5b8bbca3a1151209bbf16b57cd4dd79dac70a56332c87f90ce
b2.0_T0.2_k0.1.npz,7e18ba4beeafcc875cd999b5af581e16ea8e52c7f8ace4cc9d2640cdf06b7152
b2.0_T0.3_k0.0.npz,be7c73e26e2b1138ab490c7a0a5bfd390de68add49f8e5b1ba0cc4c93db24c77
b2.0_T0.3_k0.02.npz,e2ec9eed5dab9d8caca7a5e296bdcbcd80fe7f0628c9702a05447d337676fa9a
b2.0_T0.3_k0.05.npz,8bde3f8f3403ae686d4f8069a5035180647f5f1e7b689eca2b6a25bd40e6491c
b2.0_T0.3_k0.1.npz,b8ef323376caee307c40c2e18bceb30bb2ccca91e00a6832623c732c930978d4
b2.0_T0.5_k0.0.npz,361457f860236e12152a952968cff894cfce8136df1c754e14e46e4704391e9a
b2.0_T0.5_k0.02.npz,4edb07daece65dc90055d73ecfed8e87c2ffbc703efbbe14fe265676f89f7d2c
b2.0_T0.5_k0.05.npz,19e0145fdc30c001e37ff56267987643389e62e3357a72419635d47b382a4ad8
b2.0_T0.5_k0.1.npz,3184552ff0a180ec137e6e191df84e3983ea95db2f33b25b7b20ba9bcb0b2acf
b2.0_T0.7_k0.0.npz,441730c769c5d55f84ef43ac3007e44fc071c35955b58196c0e94785ab6d8fb8
b2.0_T0.7_k0.02.npz,136664bcb52ca43ff6909a51ef490629c3e45aae2bec3b14f04e0b666a04d54f
b2.0_T0.7_k0.05.npz,c16fc3270e50d27bb249f436d5aeb6e8b4102b89f2518d74b449f5159e389d0a
b2.0_T0.7_k0.1.npz,4d27a4408a9ca12d55064820440f8c46b902b929af4d67c2ca94604e6e778592
b2.0_T1.0_k0.0.npz,404a4d2e1a645065e9e6458848515a30ac8063f56f6246ca7a4acc3f883cb861
b2.0_T1.0_k0.02.npz,a63df1928fad868362cb17624889fd220809b37780027abf780ab7a972cd6cfa
b2.0_T1.0_k0.05.npz,750d0295d1f30a99dd3d6e255d671add0105a0c3ec4344ac5c7e209d85eb77d7
b2.0_T1.0_k0.1.npz,ccdd6a81f78a62beffb8c4bcb48ae550c9042b2f0ef678363069ff684bdfa8fd
b3.0_T0.05_k0.0.npz,e6549c2a770289dfecb7db3d707dd18c6b1b074090c4b9b1018e5d423e5478b4
b3.0_T0.05_k0.02.npz,42db2f6768f8634d66318ee5efb53b4f4089e4e0a276958d1c75877e5e668899
b3.0_T0.05_k0.05.npz,6825e8d80a1c53f17439d10d9e0624f82bab2305fd0b342ced6d9ffd62382b38
b3.0_T0.05_k0.1.npz,5670cd0239d318552371d393cc122f64f0c7cc5dfe5d9730605b0cb05acb5568
b3.0_T0.15_k0.0.npz,0c7c09157661230a0518a6118bd6b417880c6cef363b8fdae9ca7704a99b7bb2
b3.0_T0.15_k0.02.npz,be412dc2e6f353cd96a7b512482756de37ab954cb3354d64bf19860b86def479
b3.0_T0.15_k0.05.npz,d2b83e8795a221816f5a561d9abbe2b12ed2f94c5fec0d615a12098d71ce01b4
b3.0_T0.15_k0.1.npz,1c56b7a7f388a1b451ed93e6f87823fe12f2e1f18d79dcac137b86beca41c179
b3.0_T0.1_k0.0.npz,356d3c9a1eda4735571284883f904dd532c0615500d4b5250758f80428ffb7e9
b3.0_T0.1_k0.02.npz,96cfa455f7b043e9735e4dc585bb740e26d9b08dff3184a53ec6acd285c6355b
b3.0_T0.1_k0.05.npz,3f681ad45dd05a963cff02a1e7771942c78edfdae6b8720fbd451ddf82ccd177
b3.0_T0.1_k0.1.npz,43c71359f41e757f299106752f3b3fc37ec8ef5fffcde06f068ffb781dff039a
b3.0_T0.2_k0.0.npz,5c2b43de64a5e44cc4fb358cc701315666f5d9efe5aabe6000efaf6e56ac0b3b
b3.0_T0.2_k0.02.npz,e25c2898978c6f4a6f0bf89ab24a96a4e5c9196b92f6cc90a308d052740a3609
b3.0_T0.2_k0.05.npz,3472eef47054d922b94b8057ae4377aff559910135ce8e327dce275646e8c9f2
b3.0_T0.2_k0.1.npz,e36a97850ce50255cff2e58be84059aa63d959623f23068f76fd2e469e38b06c
b3.0_T0.3_k0.0.npz,cbaa78859b9611308272db6572695f1b544f47ce68c1b5b9b922dac1af30b4a9
b3.0_T0.3_k0.02.npz,30b24e6feb9195838ad86a6cac63a799fce8c653b942f538bcafa338eb34582f
b3.0_T0.3_k0.05.npz,547ccc57773d2f2e3808378a15762ffcd04b31287d8c86b1dd20cbc343d2710b
b3.0_T0.3_k0.1.npz,2d58cdca5c54fd3aa1d48461516b6eb9951b5002eed549d316f3ac2befc1e631
b3.0_T0.5_k0.0.npz,0c134e26c919a96dee1b29805aa8d65286bbff078fb6b4520410637a7837461c
b3.0_T0.5_k0.02.npz,0c7be28eb955ad3aebab1eb96b0835a913343299d1100c2635cc069cd4b14777
b3.0_T0.5_k0.05.npz,e4960f44f64bdad5a066bcc4ba52da8dfacb3ee99ec53dad6f6130010c99d505
b3.0_T0.5_k0.1.npz,172283a35d3835bd9a00877428b1e7be2e9ee83aebf80c7baa4f3e3bdad22eb2
b3.0_T0.7_k0.0.npz,1f7c559060a41d8473bd9fed797f44e8b9348587d2041e4e371ab607307e79f6
b3.0_T0.7_k0.02.npz,33270d1de4a4aad1cd3bd958111a3b991fc9f10eb0b8d4b7ffed0cfb6c2787ea
b3.0_T0.7_k0.05.npz,7dc991e2f513438120ef8c12cbe57933e0fb8e8676d20b4fd11e55d3e57a94a5
b3.0_T0.7_k0.1.npz,3f847dd055461588d02e34e3e4d2b268645f09bea452b4e853ffaf9eeb5f5c1a
b3.0_T1.0_k0.0.npz,7216faf04d419994edabf63c1e72beff46f8a971b6741ff336cc53de67b4889b
b3.0_T1.0_k0.02.npz,99d4661c83bb1d12d9396a5288831220fce449d7e822644bff749e956e3e0fa0
b3.0_T1.0_k0.05.npz,384e6d04d846d6338c706032aab7c2de498376ad7781ed58fe4066f02aca0948
b3.0_T1.0_k0.1.npz,17a81434be906d1e21657b223609e045c7eab3d00ef4e13dc58d7e77765f429d
b5.0_T0.05_k0.0.npz,b2e23ab4898d0068c6fd0e8da6b6c90e4df8dbb067edd0bd008494c3d7474abd
b5.0_T0.05_k0.02.npz,5efc25d451fc888a3dca5142c6867de62fd6b85fd7c88574418c5ebde79205b8
b5.0_T0.05_k0.05.npz,176a4a2b1a2c8d776ad6ff871d8cb491be560aa671e96a925d022d94ee4c4ff5
b5.0_T0.05_k0.1.npz,8f64602db9427eab138eaf5e30c63553cd08d7191ef56597f33eaa5c67bd58e4
b5.0_T0.15_k0.0.npz,a47ae6193c8a66e58288791868ad2e460ed2524456326a9b9bdd8f1cc2672430
b5.0_T0.15_k0.02.npz,408d0cd1aecfea4f12a24f338785545f08d4dabac91f3d9be18a9018bd3ab2ec
b5.0_T0.15_k0.05.npz,4c2814d19c2ce69da3180ee9c067774949e784d8f29f143975ff01489c69d526
b5.0_T0.15_k0.1.npz,ca821ebc79fae0b89f416b0597350d9f39b3e9ab2486ae9881c9768dfa8fcb9c
b5.0_T0.1_k0.0.npz,75b401b04acec91bc9a611ac2d2b73cd11e38da421f98f42504003e3a5743943
b5.0_T0.1_k0.02.npz,29c56bd76e9c78beb07c37ed643f02c9afe975c846be98731d819a3b79eb6cd2
b5.0_T0.1_k0.05.npz,68bee3ce6ebfec57b9c2882ede6900c001b781963d04225f3348e1dfb7e5a1f5
b5.0_T0.1_k0.1.npz,867bdc8d07cd3f990280b38b77178675d9fae20b567216511c91534b1f09f099
b5.0_T0.2_k0.0.npz,7c3a028083e6cac03c8ea36186c895453397bea4279faeadc0d28f3c418d5ae0
b5.0_T0.2_k0.02.npz,310e4656969dda2746738d71fb34ed2bdaf016e78aec4f73b3e46474be35dbad
b5.0_T0.2_k0.05.npz,86ad94e9640a0a03f29d231a43bc897f78aa9647b769efa1a086d8b1ba3ed306
b5.0_T0.2_k0.1.npz,0ce818bd5b9d3a5614876de78eead76bed63d5c84652602c9e5acf2f60307068
b5.0_T0.3_k0.0.npz,25f3cb44e479df250aede8baed3f3f24134d56ac806963df15eb0b465ab503a0
b5.0_T0.3_k0.02.npz,00cd8f5c747de5fa05ac7071458d7ef7b597b9a47418242e22a1a3c92ec7e8df
b5.0_T0.3_k0.05.npz,84233f75f26f731a04054c05030722b4f79a602d4b5234207a17cf0cd5bed792
b5.0_T0.3_k0.1.npz,1b2e9ea98a7f2585362bec928eef39e83ed78205410b4d8d8fc9fe38fc712539
b5.0_T0.5_k0.0.npz,7283716e8e2c52544e3a9ee3c13ecf27cfcc4e74eb82a48ece0dc523e3d2c4c0
b5.0_T0.5_k0.02.npz,184159e919305839f7549602ff8536c9d260152d129cbb77499984d08242b6fb
b5.0_T0.5_k0.05.npz,4cbf824c6ed714c8bb920d74afa88faaddf77ac7eea051d50f649bfe2f8d136c
b5.0_T0.5_k0.1.npz,ee60eae2e5bb3ffa4a645c5f3f9e49951a8b86e047417ab6083718fa2eff9584
b5.0_T0.7_k0.0.npz,f59a1ca049bc587422b87d992f9a9aee816d241e6787d1c0fd61575f6eee02e1
b5.0_T0.7_k0.02.npz,482d16344e3f796993a544c7feee40c7afbbb63417851701bf3d6174fe96c21d
b5.0_T0.7_k0.05.npz,6a48f234021c146c6b246bf81d6d19acb7b00f79428e2e7473975d3e410032fb
b5.0_T0.7_k0.1.npz,5364f8acca7e3eb2ab47bf57a7e44c8c7075828f99a0982ccaaad1a8d20b288c
b5.0_T1.0_k0.0.npz,1d029e01ec0500ae491fac913df31f118fce1af846a4c76cf61ea192b24d2fc3
b5.0_T1.0_k0.02.npz,317a62fee9e52075af72a7ab3370b50a40b3f7e273de5aab5648f1fe984b66e2
b5.0_T1.0_k0.05.npz,c721d78c785449da4866cf302a77589fbba4211a49be072c34176d187c23ea5f
b5.0_T1.0_k0.1.npz,e1af39d765a5e4901887a27a9d1e28771260865bdedf8ba810a0431524d8db72
