b,T,kappa,mu,sigma,kl_label,w1_label,kl_p0,w1_p0,kl_lastgap,r
0.5,0.05,0.0,-2.0,1.0,CROSSING_NO_MARGIN,CROSSING_NO_MARGIN,487.6648450984741,2.0431946589622014,5.568182201890302e-09,0.9515855185622853
0.5,0.05,0.0,-2.0,1.5,EFFECT,EFFECT,1059.649703732458,2.060524354238031,1.9790003913186384e-08,0.8149815532541249
0.5,0.05,0.0,-2.0,3.0,EFFECT,EFFECT,6481.419084188972,2.5190491347880317,4.4528077989008224e-08,0.49440126176169186
0.5,0.05,0.0,-1.0,1.0,EFFECT,NO_TEST,98.13702961755138,1.0308651939726228,3.198695230765424e-08,0.6761915927571914
0.5,0.05,0.0,-1.0,1.5,EFFECT,NO_TEST,345.515375350768,1.1261907325094174,4.4640180448359115e-08,0.4924744874859389
0.5,0.05,0.0,-1.0,3.0,EFFECT,EFFECT,4019.3485458114733,1.910781609353028,5.4926352081361185e-08,0.26075359230841544
0.5,0.05,0.0,0.0,1.0,EFFECT,NO_TEST,26.002248972936027,0.4571642129013695,5.893339761449276e-08,1.0042029938259564e-09
0.5,0.05,0.0,0.0,1.5,EFFECT,NO_TEST,165.17842373922971,0.6299847396308134,5.893339761449276e-08,1.0041978867630843e-09
0.5,0.05,0.0,0.0,3.0,EFFECT,EFFECT,3255.5746546519395,1.6241038092554991,5.893339761449276e-08,1.004192779700212e-09
0.5,0.05,0.0,1.0,1.0,EFFECT,NO_TEST,98.13702961755135,1.0308651939726248,3.198695230447763e-08,0.676191594765585
0.5,0.05,0.0,1.0,1.5,EFFECT,NO_TEST,345.5153753507679,1.126190732509423,4.464018044485828e-08,0.49247448949433037
0.5,0.05,0.0,1.0,3.0,EFFECT,EFFECT,4019.3485458114724,1.9107816093530234,5.4926352082424655e-08,0.2607535943168004
0.5,0.05,0.0,2.0,1.0,CROSSING_NO_MARGIN,CROSSING_NO_MARGIN,487.6648450984742,2.043194658962194,5.568182192991725e-09,0.9515855205706644
0.5,0.05,0.0,2.0,1.5,EFFECT,EFFECT,1059.649703732458,2.0605243542380287,1.9790003906792165e-08,0.8149815552625087
0.5,0.05,0.0,2.0,3.0,EFFECT,EFFECT,6481.419084188972,2.519049134788026,4.452807798801562e-08,0.49440126377007554
0.5,0.05,0.05,-2.0,1.0,EFFECT,NO_TEST,259.7560473453676,1.0884574609296076,1.6154609828397435e-07,0.3434331294025176
0.5,0.05,0.05,-2.0,1.5,EFFECT,NO_TEST,565.223287905112,1.1010762672380083,1.7166022648741298e-07,0.25048150516279627
0.5,0.05,0.05,-2.0,3.0,EFFECT,EFFECT,3460.7071954807675,1.4542976558370115,1.8299061930162687e-07,0.029911186452839134
0.5,0.05,0.05,-1.0,1.0,EFFECT,NO_TEST,52.114818736720444,0.4397617417533806,1.786107601957006e-07,0.15748781994454458
0.5,0.05,0.05,-1.0,1.5,EFFECT,NO_TEST,184.22667363061925,0.5557506687539836,1.8298326657990443e-07,0.030574894857271988
0.5,0.05,0.05,-1.0,3.0,EFFECT,EFFECT,2146.2291089151076,1.2635158333497019,1.8003760836270694e-07,0.1304411638237971
0.5,0.05,0.05,0.0,1.0,EFFECT,NO_TEST,13.97663389023421,0.41682077722520705,1.661424174809897e-07,0.3047468082657461
0.5,0.05,0.05,0.0,1.5,EFFECT,NO_TEST,88.30336022885082,0.598263811793598,1.6586942885428485e-07,0.30718212488919827
0.5,0.05,0.05,0.0,3.0,EFFECT,EFFECT,1738.7225883665312,1.3491212663265044,1.6558871449890175e-07,0.3096661481085562
0.5,0.05,0.05,1.0,1.0,EFFECT,NO_TEST,52.885287117457516,1.0259180551723477,7.379572883696822e-08,0.7726942247937076
0.5,0.05,0.05,1.0,1.5,EFFECT,NO_TEST,184.99714201135626,1.0891928453371915,1.0650108800970534e-07,0.6469053961272969
0.5,0.05,0.05,1.0,3.0,EFFECT,EFFECT,2146.9995607630926,1.6193975491442738,1.3932472225289977e-07,0.4891614288685657
0.5,0.05,0.05,2.0,1.0,CROSSING_NO_MARGIN,CROSSING_NO_MARGIN,261.2969841068418,1.722659747620897,1.2364493610907431e-08,0.9656511480859268
0.5,0.05,0.05,2.0,1.5,CROSSING_NO_MARGIN,CROSSING_NO_MARGIN,566.7642246665862,1.7341663447043967,4.430461441485646e-08,0.8706777422949179
0.5,0.05,0.05,2.0,3.0,EFFECT,EFFECT,3462.2480554840176,2.043903519240779,1.057085348181381e-07,0.6502403984202911
0.5,0.05,0.1,-2.0,1.0,EFFECT,NO_TEST,160.9983488699489,0.728653671125068,4.288949304870434e-07,0.11524497338405842
0.5,0.05,0.1,-2.0,1.5,EFFECT,NO_TEST,350.7183043015327,0.7634954254341821,4.340115873095579e-07,0.038981347190667315
0.5,0.05,0.1,-2.0,3.0,EFFECT,EFFECT,2149.0489016277784,1.291855809139755,4.2565101960475563e-07,0.14402167317911613
0.5,0.05,0.1,-1.0,1.0,EFFECT,NO_TEST,32.27555047129726,0.32952057666976775,4.341044948310963e-07,0.036139410917093696
0.5,0.05,0.1,-1.0,1.5,EFFECT,NO_TEST,114.32773772557073,0.5103176847320111,4.259228445684368e-07,0.14183535566031533
0.5,0.05,0.1,-1.0,3.0,EFFECT,NO_TEST,1332.8905383226,1.208112232335054,4.0136675691782747e-07,0.27673678969132937
0.5,0.05,0.1,0.0,1.0,EFFECT,NO_TEST,8.827903179349548,0.5083549274785975,3.590100143231389e-07,0.41712824434414786
0.5,0.05,0.1,0.0,1.5,EFFECT,NO_TEST,54.99083437451939,0.6660065382040684,3.5753635968517267e-07,0.4211711665662509
0.5,0.05,0.1,0.0,3.0,EFFECT,EFFECT,1080.0351626368456,1.2850506840690379,3.5601812655441765e-07,0.42529576690678744
0.5,0.05,0.1,1.0,1.0,EFFECT,NO_TEST,33.23259729954002,1.0256372523574402,1.5113204834011138e-07,0.8076004040321133
0.5,0.05,0.1,1.0,1.5,EFFECT,NO_TEST,115.28478455381345,1.077090976467038,2.1933583378833547e-07,0.703771611154007
0.5,0.05,0.1,1.0,3.0,EFFECT,EFFECT,1333.84756461448,1.5131505580283244,2.9126278861452815e-07,0.5743035898093073
0.5,0.05,0.1,2.0,1.0,CROSSING_NO_MARGIN,CROSSING_NO_MARGIN,162.91244252643446,1.6039338798743925,2.5150123580950047e-08,0.9706269784658393
0.5,0.05,0.1,2.0,1.5,CROSSING_NO_MARGIN,CROSSING_NO_MARGIN,352.63239795801815,1.613278976766136,8.95605187837295e-08,0.8910070813640574
0.5,0.05,0.1,2.0,3.0,EFFECT,EFFECT,2150.962899938086,1.8677743097550625,2.1660163786039998e-07,0.7082253117103786
1.0,0.1,0.0,-2.0,1.0,CROSSING_NO_MARGIN,CROSSING_NO_MARGIN,487.6648450984741,2.0431946589622014,6.140820847311155e-09,0.9515855185622853
1.0,0.1,0.0,-2.0,1.5,EFFECT,EFFECT,1059.649703732458,2.060524354238031,2.1825232046361058e-08,0.8149815532541249
1.0,0.1,0.0,-2.0,3.0,EFFECT,EFFECT,6481.419084188972,2.5190491347880317,4.910739978754357e-08,0.49440126176169186
1.0,0.1,0.0,-1.0,1.0,EFFECT,NO_TEST,98.13702961755138,1.0308651939726228,3.527652946603925e-08,0.6761915927571914
1.0,0.1,0.0,-1.0,1.5,EFFECT,NO_TEST,345.515375350768,1.1261907325094174,4.923103099631118e-08,0.4924744874859389
1.0,0.1,0.0,-1.0,3.0,EFFECT,EFFECT,4019.3485458114733,1.910781609353028,6.057504503565914e-08,0.26075359230841544
1.0,0.1,0.0,0.0,1.0,EFFECT,NO_TEST,26.002248972936027,0.4571642129013695,6.499418000144416e-08,1.0042029938259564e-09
1.0,0.1,0.0,0.0,1.5,EFFECT,NO_TEST,165.17842373922971,0.6299847396308134,6.499418000144416e-08,1.0041978867630843e-09
1.0,0.1,0.0,0.0,3.0,EFFECT,EFFECT,3255.5746546519395,1.6241038092554991,6.499418000144416e-08,1.004192779700212e-09
1.0,0.1,0.0,1.0,1.0,EFFECT,NO_TEST,98.13702961755135,1.0308651939726248,3.527652947065406e-08,0.676191594765585
1.0,0.1,0.0,1.0,1.5,EFFECT,NO_TEST,345.5153753507679,1.126190732509423,4.923103099510102e-08,0.49247448949433037
1.0,0.1,0.0,1.0,3.0,EFFECT,EFFECT,4019.3485458114724,1.9107816093530234,6.05750450332494e-08,0.2607535943168004
1.0,0.1,0.0,2.0,1.0,CROSSING_NO_MARGIN,CROSSING_NO_MARGIN,487.6648450984742,2.043194658962194,6.140820850405856e-09,0.9515855205706644
1.0,0.1,0.0,2.0,1.5,EFFECT,EFFECT,1059.649703732458,2.0605243542380287,2.1825232041338907e-08,0.8149815552625087
1.0,0.1,0.0,2.0,3.0,EFFECT,EFFECT,6481.419084188972,2.519049134788026,4.91073997866932e-08,0.49440126377007554
1.0,0.1,0.05,-2.0,1.0,EFFECT,NO_TEST,259.7560473453676,1.0884574609296076,1.7798790370130425e-07,0.3434331294025176
1.0,0.1,0.05,-2.0,1.5,EFFECT,NO_TEST,565.223287905112,1.1010762672380083,1.8913161061833105e-07,0.25048150516279627
1.0,0.1,0.05,-2.0,3.0,EFFECT,EFFECT,3460.7071954807675,1.4542976558370115,2.0161536822743532e-07,0.029911186452839134
1.0,0.1,0.05,-1.0,1.0,EFFECT,NO_TEST,52.114818736720444,0.4397617417533806,1.9678967071390798e-07,0.15748781994454458
1.0,0.1,0.05,-1.0,1.5,EFFECT,NO_TEST,184.22667363061925,0.5557506687539836,2.0160726706080813e-07,0.030574894857271988
1.0,0.1,0.05,-1.0,3.0,EFFECT,EFFECT,2146.2291089151076,1.2635158333497019,1.9836177185884416e-07,0.1304411638237971
1.0,0.1,0.05,0.0,1.0,EFFECT,NO_TEST,13.97663389023421,0.41682077722520705,1.8305222872510443e-07,0.3047468082657461
1.0,0.1,0.05,0.0,1.5,EFFECT,NO_TEST,88.30336022885082,0.598263811793598,1.827514537022571e-07,0.30718212488919827
1.0,0.1,0.05,0.0,3.0,EFFECT,EFFECT,1738.7225883665312,1.3491212663265044,1.8244216660108365e-07,0.3096661481085562
1.0,0.1,0.05,1.0,1.0,EFFECT,NO_TEST,52.885287117457516,1.0259180551723477,8.13063653558653e-08,0.7726942247937076
1.0,0.1,0.05,1.0,1.5,EFFECT,NO_TEST,184.99714201135626,1.0891928453371915,1.1734044500968486e-07,0.6469053961272969
1.0,0.1,0.05,1.0,3.0,EFFECT,EFFECT,2146.9995607630926,1.6193975491442738,1.5350491500943103e-07,0.4891614288685657
1.0,0.1,0.05,2.0,1.0,CROSSING_NO_MARGIN,CROSSING_NO_MARGIN,261.2969841068418,1.722659747620897,1.3622883658386363e-08,0.9656511480859268
1.0,0.1,0.05,2.0,1.5,CROSSING_NO_MARGIN,CROSSING_NO_MARGIN,566.7642246665862,1.7341663447043967,4.8813728300555396e-08,0.8706777422949179
1.0,0.1,0.05,2.0,3.0,EFFECT,EFFECT,3462.2480554840176,2.043903519240779,1.1646722566209343e-07,0.6502403984202911
1.0,0.1,0.1,-2.0,1.0,EFFECT,NO_TEST,160.9983488699489,0.728653671125068,4.7286634145082046e-07,0.11524497338405842
1.0,0.1,0.1,-2.0,1.5,EFFECT,NO_TEST,350.7183043015327,0.7634954254341821,4.785077992937812e-07,0.038981347190667315
1.0,0.1,0.1,-2.0,3.0,EFFECT,EFFECT,2149.0489016277784,1.291855809139755,4.6928980470744787e-07,0.14402167317911613
1.0,0.1,0.1,-1.0,1.0,EFFECT,NO_TEST,32.27555047129726,0.32952057666976775,4.786102374368149e-07,0.036139410917093696
1.0,0.1,0.1,-1.0,1.5,EFFECT,NO_TEST,114.32773772557073,0.5103176847320111,4.6958950637137754e-07,0.14183535566031533
1.0,0.1,0.1,-1.0,3.0,EFFECT,NO_TEST,1332.8905383226,1.208112232335054,4.4251520300990254e-07,0.27673678969132937
1.0,0.1,0.1,0.0,1.0,EFFECT,NO_TEST,8.827903179349548,0.5083549274785975,3.9581513154270775e-07,0.41712824434414786
1.0,0.1,0.1,0.0,1.5,EFFECT,NO_TEST,54.99083437451939,0.6660065382040684,3.941903718049011e-07,0.4211711665662509
1.0,0.1,0.1,0.0,3.0,EFFECT,EFFECT,1080.0351626368456,1.2850506840690379,3.9251646296787294e-07,0.42529576690678744
1.0,0.1,0.1,1.0,1.0,EFFECT,NO_TEST,33.23259729954002,1.0256372523574402,1.6662445298437092e-07,0.8076004040321133
1.0,0.1,0.1,1.0,1.5,EFFECT,NO_TEST,115.28478455381345,1.077090976467038,2.418203448091473e-07,0.703771611154007
1.0,0.1,0.1,1.0,3.0,EFFECT,EFFECT,1333.84756461448,1.5131505580283244,3.2112158468494555e-07,0.5743035898093073
1.0,0.1,0.1,2.0,1.0,CROSSING_NO_MARGIN,CROSSING_NO_MARGIN,162.91244252643446,1.6039338798743925,2.772812410995792e-08,0.9706269784658393
1.0,0.1,0.1,2.0,1.5,CROSSING_NO_MARGIN,CROSSING_NO_MARGIN,352.63239795801815,1.613278976766136,9.874107744665422e-08,0.8910070813640574
1.0,0.1,0.1,2.0,3.0,EFFECT,EFFECT,2150.962899938086,1.8677743097550625,2.3880583680691486e-07,0.7082253117103786
2.0,0.2,0.0,-2.0,1.0,CROSSING_NO_MARGIN,CROSSING_NO_MARGIN,487.6648450984741,2.0431946589622014,6.768281688909206e-09,0.9515855185622853
2.0,0.2,0.0,-2.0,1.5,EFFECT,EFFECT,1059.649703732458,2.060524354238031,2.4055304961962325e-08,0.8149815532541249
2.0,0.2,0.0,-2.0,3.0,EFFECT,EFFECT,6481.419084188972,2.5190491347880317,5.4125127939639934e-08,0.49440126176169186
2.0,0.2,0.0,-1.0,1.0,EFFECT,NO_TEST,98.13702961755138,1.0308651939726228,3.888103788579613e-08,0.6761915927571914
2.0,0.2,0.0,-1.0,1.5,EFFECT,NO_TEST,345.515375350768,1.1261907325094174,5.426139161809757e-08,0.4924744874859389
2.0,0.2,0.0,-1.0,3.0,EFFECT,EFFECT,4019.3485458114733,1.910781609353028,6.676452174957924e-08,0.26075359230841544
2.0,0.2,0.0,0.0,1.0,EFFECT,NO_TEST,26.002248972936027,0.4571642129013695,7.163519797996489e-08,1.0042029938259564e-09
2.0,0.2,0.0,0.0,1.5,EFFECT,NO_TEST,165.17842373922971,0.6299847396308134,7.163519797996489e-08,1.0041978867630843e-09
2.0,0.2,0.0,0.0,3.0,EFFECT,EFFECT,3255.5746546519395,1.6241038092554991,7.163519797996489e-08,1.004192779700212e-09
2.0,0.2,0.0,1.0,1.0,EFFECT,NO_TEST,98.13702961755135,1.0308651939726248,3.888103788514061e-08,0.676191594765585
2.0,0.2,0.0,1.0,1.5,EFFECT,NO_TEST,345.5153753507679,1.126190732509423,5.4261391619030366e-08,0.49247448949433037
2.0,0.2,0.0,1.0,3.0,EFFECT,EFFECT,4019.3485458114724,1.9107816093530234,6.676452175005915e-08,0.2607535943168004
2.0,0.2,0.0,2.0,1.0,CROSSING_NO_MARGIN,CROSSING_NO_MARGIN,487.6648450984742,2.043194658962194,6.7682816799268844e-09,0.9515855205706644
2.0,0.2,0.0,2.0,1.5,EFFECT,EFFECT,1059.649703732458,2.0605243542380287,2.405530496441148e-08,0.8149815552625087
2.0,0.2,0.0,2.0,3.0,EFFECT,EFFECT,6481.419084188972,2.519049134788026,5.412512794137986e-08,0.49440126377007554
2.0,0.2,0.05,-2.0,1.0,EFFECT,NO_TEST,259.7560473453676,1.0884574609296076,1.430371166594032e-07,0.3434331294025176
2.0,0.2,0.05,-2.0,1.5,EFFECT,NO_TEST,565.223287905112,1.1010762672380083,1.5199225200870667e-07,0.25048150516279627
2.0,0.2,0.05,-2.0,3.0,EFFECT,EFFECT,3460.7071954807675,1.4542976558370115,1.6202430220394426e-07,0.029911186452839134
2.0,0.2,0.05,-1.0,1.0,EFFECT,NO_TEST,52.114818736720444,0.4397617417533806,1.5814632411111516e-07,0.15748781994454458
2.0,0.2,0.05,-1.0,1.5,EFFECT,NO_TEST,184.22667363061925,0.5557506687539836,1.6201779200943433e-07,0.030574894857271988
2.0,0.2,0.05,-1.0,3.0,EFFECT,EFFECT,2146.2291089151076,1.2635158333497019,1.5940966247314285e-07,0.1304411638237971
2.0,0.2,0.05,0.0,1.0,EFFECT,NO_TEST,13.97663389023421,0.41682077722520705,1.4710662366742732e-07,0.3047468082657461
2.0,0.2,0.05,0.0,1.5,EFFECT,NO_TEST,88.30336022885082,0.598263811793598,1.468649145478837e-07,0.30718212488919827
2.0,0.2,0.05,0.0,3.0,EFFECT,EFFECT,1738.7225883665312,1.3491212663265044,1.466163649140302e-07,0.3096661481085562
2.0,0.2,0.05,1.0,1.0,EFFECT,NO_TEST,52.885287117457516,1.0259180551723477,6.534078163407031e-08,0.7726942247937076
2.0,0.2,0.05,1.0,1.5,EFFECT,NO_TEST,184.99714201135626,1.0891928453371915,9.429891783253773e-08,0.6469053961272969
2.0,0.2,0.05,1.0,3.0,EFFECT,EFFECT,2146.9995607630926,1.6193975491442738,1.2336170383051946e-07,0.4891614288685657
2.0,0.2,0.05,2.0,1.0,CROSSING_NO_MARGIN,CROSSING_NO_MARGIN,261.2969841068418,1.722659747620897,1.0947883235348236e-08,0.9656511480859268
2.0,0.2,0.05,2.0,1.5,CROSSING_NO_MARGIN,CROSSING_NO_MARGIN,566.7642246665862,1.7341663447043967,3.922856483237604e-08,0.8706777422949179
2.0,0.2,0.05,2.0,3.0,EFFECT,EFFECT,3462.2480554840176,2.043903519240779,9.359717237378233e-08,0.6502403984202911
2.0,0.2,0.1,-2.0,1.0,EFFECT,NO_TEST,160.9983488699489,0.728653671125068,5.210325997735613e-07,0.11524497338405842
2.0,0.2,0.1,-2.0,1.5,EFFECT,NO_TEST,350.7183043015327,0.7634954254341821,5.272489599831037e-07,0.038981347190667315
2.0,0.2,0.1,-2.0,3.0,EFFECT,EFFECT,2149.0489016277784,1.291855809139755,5.170916967738094e-07,0.14402167317911613
2.0,0.2,0.1,-1.0,1.0,EFFECT,NO_TEST,32.27555047129726,0.32952057666976775,5.273618388210292e-07,0.036139410917093696
2.0,0.2,0.1,-1.0,1.5,EFFECT,NO_TEST,114.32773772557073,0.5103176847320111,5.174219358915244e-07,0.14183535566031533
2.0,0.2,0.1,-1.0,3.0,EFFECT,NO_TEST,1332.8905383226,1.208112232335054,4.875890770960435e-07,0.27673678969132937
2.0,0.2,0.1,0.0,1.0,EFFECT,NO_TEST,8.827903179349548,0.5083549274785975,4.3613119979170776e-07,0.41712824434414786
2.0,0.2,0.1,0.0,1.5,EFFECT,NO_TEST,54.99083437451939,0.6660065382040684,4.3434091614255374e-07,0.4211711665662509
2.0,0.2,0.1,0.0,3.0,EFFECT,EFFECT,1080.0351626368456,1.2850506840690379,4.3249647672366966e-07,0.42529576690678744
2.0,0.2,0.1,1.0,1.0,EFFECT,NO_TEST,33.23259729954002,1.0256372523574402,1.8359450568912234e-07,0.8076004040321133
2.0,0.2,0.1,1.0,1.5,EFFECT,NO_TEST,115.28478455381345,1.077090976467038,2.6644949669146495e-07,0.703771611154007
2.0,0.2,0.1,1.0,3.0,EFFECT,EFFECT,1333.84756461448,1.5131505580283244,3.5382854732499046e-07,0.5743035898093073
2.0,0.2,0.1,2.0,1.0,CROSSING_NO_MARGIN,CROSSING_NO_MARGIN,162.91244252643446,1.6039338798743925,3.0551993507566596e-08,0.9706269784658393
2.0,0.2,0.1,2.0,1.5,CROSSING_NO_MARGIN,CROSSING_NO_MARGIN,352.63239795801815,1.613278976766136,1.0879723526834252e-07,0.8910070813640574
2.0,0.2,0.1,2.0,3.0,EFFECT,EFFECT,2150.962899938086,1.8677743097550625,2.6312793575941557e-07,0.7082253117103786
3.0,0.3,0.0,-2.0,1.0,CROSSING_NO_MARGIN,CROSSING_NO_MARGIN,487.6648450984742,2.043194658962207,6.169042401031601e-09,0.9515855170556738
3.0,0.3,0.0,-2.0,1.5,EFFECT,EFFECT,1059.649703732458,2.060524354238037,2.1925534947902075e-08,0.8149815518529676
3.0,0.3,0.0,-2.0,3.0,EFFECT,EFFECT,6481.419084188974,2.5190491347880393,4.933308420869666e-08,0.49440126060801726
3.0,0.3,0.0,-1.0,1.0,EFFECT,NO_TEST,98.13702961755138,1.0308651939726257,3.543865092347844e-08,0.6761915914631735
3.0,0.3,0.0,-1.0,1.5,EFFECT,NO_TEST,345.515375350768,1.1261907325094207,4.9457283598925216e-08,0.49247448633374863
3.0,0.3,0.0,-1.0,3.0,EFFECT,EFFECT,4019.3485458114733,1.9107816093530339,6.085343167580071e-08,0.2607535913351122
3.0,0.3,0.0,0.0,1.0,EFFECT,NO_TEST,26.00224897293603,0.4571642129013708,6.529287580322354e-08,1.776217092067587e-09
3.0,0.3,0.0,0.0,1.5,EFFECT,NO_TEST,165.17842373922971,0.6299847396308151,6.529287580322354e-08,1.776207766126697e-09
3.0,0.3,0.0,0.0,3.0,EFFECT,EFFECT,3255.5746546519395,1.6241038092555038,6.529287580322354e-08,1.7761986622320186e-09
3.0,0.3,0.0,1.0,1.0,EFFECT,NO_TEST,98.13702961755135,1.0308651939726277,3.5438650936720606e-08,0.6761915950155853
3.0,0.3,0.0,1.0,1.5,EFFECT,NO_TEST,345.51537535076795,1.1261907325094263,4.945728359951209e-08,0.49247448988615633
3.0,0.3,0.0,1.0,3.0,EFFECT,EFFECT,4019.3485458114733,1.910781609353029,6.085343168090022e-08,0.26075359488750854
3.0,0.3,0.0,2.0,1.0,CROSSING_NO_MARGIN,CROSSING_NO_MARGIN,487.6648450984742,2.0431946589622,6.169042418602585e-09,0.9515855206080593
3.0,0.3,0.0,2.0,1.5,EFFECT,EFFECT,1059.6497037324582,2.060524354238035,2.1925534959623092e-08,0.8149815554053615
3.0,0.3,0.0,2.0,3.0,EFFECT,EFFECT,6481.419084188972,2.5190491347880335,4.933308421684293e-08,0.4944012641604112
3.0,0.3,0.05,-2.0,1.0,EFFECT,NO_TEST,259.7560473453676,1.0884574609296032,1.787978060734812e-07,0.3434331297907405
3.0,0.3,0.05,-2.0,1.5,EFFECT,NO_TEST,565.2232879051119,1.101076267238004,1.8999222938119993e-07,0.2504815055241575
3.0,0.3,0.05,-2.0,3.0,EFFECT,EFFECT,3460.707195480767,1.4542976558370064,2.025328009194068e-07,0.029911186750462768
3.0,0.3,0.05,-1.0,1.0,EFFECT,NO_TEST,52.11481873672042,0.43976174175337823,1.9768514174036587e-07,0.15748782027903127
3.0,0.3,0.05,-1.0,1.5,EFFECT,NO_TEST,184.22667363061916,0.5557506687539808,2.0252466288465597e-07,0.030574895155084186
3.0,0.3,0.05,-1.0,3.0,EFFECT,EFFECT,2146.2291089151067,1.2635158333496972,1.9926439797343614e-07,0.1304411635725103
3.0,0.3,0.05,0.0,1.0,EFFECT,NO_TEST,13.976633890234204,0.4168207772252048,1.8388518518423982e-07,0.3047468080648378
3.0,0.3,0.05,0.0,1.5,EFFECT,NO_TEST,88.30336022885082,0.5982638117935952,1.8358304143919066e-07,0.3071821246889892
3.0,0.3,0.05,0.0,3.0,EFFECT,EFFECT,1738.7225883665305,1.349121266326499,1.8327234687380275e-07,0.30966614790905916
3.0,0.3,0.05,1.0,1.0,EFFECT,NO_TEST,52.8852871174575,1.0259180551723437,8.167632927939353e-08,0.7726942247280184
3.0,0.3,0.05,1.0,1.5,EFFECT,NO_TEST,184.99714201135623,1.0891928453371873,1.1787437760197573e-07,0.646905396025255
3.0,0.3,0.05,1.0,3.0,EFFECT,EFFECT,2146.999560763092,1.6193975491442678,1.5420341333072405e-07,0.48916142872093593
3.0,0.3,0.05,2.0,1.0,CROSSING_NO_MARGIN,CROSSING_NO_MARGIN,261.29698410684176,1.722659747620891,1.3684870185874483e-08,0.9656511480759844
3.0,0.3,0.05,2.0,1.5,CROSSING_NO_MARGIN,CROSSING_NO_MARGIN,566.7642246665861,1.734166344704391,4.9035841106089734e-08,0.8706777422575329
3.0,0.3,0.05,2.0,3.0,EFFECT,EFFECT,3462.2480554840163,2.043903519240772,1.1699718473343405e-07,0.6502403983192062
3.0,0.3,0.1,-2.0,1.0,EFFECT,NO_TEST,160.99834886994893,0.7286536711250692,4.750330576967776e-07,0.11524497344443756
3.0,0.3,0.1,-2.0,1.5,EFFECT,NO_TEST,350.7183043015328,0.7634954254341834,4.807003762219268e-07,0.03898134724691728
3.0,0.3,0.1,-2.0,3.0,EFFECT,EFFECT,2149.048901627779,1.291855809139757,4.714401304353527e-07,0.1440216731327745
3.0,0.3,0.1,-1.0,1.0,EFFECT,NO_TEST,32.27555047129726,0.3295205766697683,4.808032840108459e-07,0.03613941086491196
3.0,0.3,0.1,-1.0,1.5,EFFECT,NO_TEST,114.32773772557076,0.510317684732012,4.717412057734324e-07,0.1418353556138557
3.0,0.3,0.1,-1.0,3.0,EFFECT,NO_TEST,1332.8905383226004,1.208112232335056,4.4454281353378806e-07,0.27673678965217363
3.0,0.3,0.1,0.0,1.0,EFFECT,NO_TEST,8.82790317934955,0.5083549274785983,3.9762871919216087e-07,0.4171282443125933
3.0,0.3,0.1,0.0,1.5,EFFECT,NO_TEST,54.99083437451939,0.6660065382040695,3.959965135838157e-07,0.42117116653491543
3.0,0.3,0.1,0.0,3.0,EFFECT,EFFECT,1080.0351626368456,1.28505068406904,3.943149336552504e-07,0.42529576687567555
3.0,0.3,0.1,1.0,1.0,EFFECT,NO_TEST,33.23259729954002,1.025637252357442,1.673878427308506e-07,0.8076004040216995
3.0,0.3,0.1,1.0,1.5,EFFECT,NO_TEST,115.28478455381345,1.0770909764670398,2.429282734207982e-07,0.7037716111379727
3.0,0.3,0.1,1.0,3.0,EFFECT,EFFECT,1333.84756461448,1.5131505580283269,3.225928859097764e-07,0.5743035897862634
3.0,0.3,0.1,2.0,1.0,CROSSING_NO_MARGIN,CROSSING_NO_MARGIN,162.9124425264345,1.6039338798743952,2.7855154948857567e-08,0.9706269784642545
3.0,0.3,0.1,2.0,1.5,CROSSING_NO_MARGIN,CROSSING_NO_MARGIN,352.63239795801826,1.6132789767661386,9.919344963842334e-08,0.8910070813581611
3.0,0.3,0.1,2.0,3.0,EFFECT,EFFECT,2150.962899938086,1.8677743097550656,2.3989995290952604e-07,0.7082253116945862
5.0,0.5,0.0,-2.0,1.0,CROSSING_NO_MARGIN,CROSSING_NO_MARGIN,487.6648450984741,2.043194658962207,7.072167349078526e-09,0.9515855232666026
5.0,0.5,0.0,-2.0,1.5,EFFECT,EFFECT,1059.649703732458,2.060524354238037,2.513535194180409e-08,0.8149815576291616
5.0,0.5,0.0,-2.0,3.0,EFFECT,EFFECT,6481.419084188971,2.5190491347880393,5.655526466347235e-08,0.49440126536396706
5.0,0.5,0.0,-1.0,1.0,EFFECT,NO_TEST,98.13702961755136,1.0308651939726257,4.0626737938416145e-08,0.6761915967976811
5.0,0.5,0.0,-1.0,1.5,EFFECT,NO_TEST,345.51537535076795,1.1261907325094207,5.6697646375969565e-08,0.49247449108357555
5.0,0.5,0.0,-1.0,3.0,EFFECT,EFFECT,4019.3485458114724,1.9107816093530339,6.976214820388735e-08,0.2607535953474813
5.0,0.5,0.0,0.0,1.0,EFFECT,NO_TEST,26.002248972936027,0.4571642129013708,7.485151045282777e-08,1.4063323506156372e-09
5.0,0.5,0.0,0.0,1.5,EFFECT,NO_TEST,165.1784237392297,0.6299847396308151,7.485151045282777e-08,1.406328020714496e-09
5.0,0.5,0.0,0.0,3.0,EFFECT,EFFECT,3255.574654651939,1.6241038092555038,7.485151045282777e-08,1.4063242459288855e-09
5.0,0.5,0.0,1.0,1.0,EFFECT,NO_TEST,98.13702961755133,1.0308651939726277,4.0626737932539675e-08,0.6761915939850267
5.0,0.5,0.0,1.0,1.5,EFFECT,NO_TEST,345.51537535076784,1.1261907325094263,5.669764637258209e-08,0.49247448827092277
5.0,0.5,0.0,1.0,3.0,EFFECT,EFFECT,4019.3485458114724,1.910781609353029,6.976214820021357e-08,0.2607535925348333
5.0,0.5,0.0,2.0,1.0,CROSSING_NO_MARGIN,CROSSING_NO_MARGIN,487.6648450984741,2.0431946589622,7.072167332723259e-09,0.9515855204539596
5.0,0.5,0.0,2.0,1.5,EFFECT,EFFECT,1059.649703732458,2.060524354238035,2.5135351928297046e-08,0.8149815548165148
5.0,0.5,0.0,2.0,3.0,EFFECT,EFFECT,6481.419084188971,2.5190491347880335,5.65552646565748e-08,0.49440126255132016
5.0,0.5,0.05,-2.0,1.0,EFFECT,NO_TEST,259.7560473453676,1.0884574609296076,1.4952590799282968e-07,0.3434331299785732
5.0,0.5,0.05,-2.0,1.5,EFFECT,NO_TEST,565.223287905112,1.101076267238008,1.5888735366441984e-07,0.2504815056989953
5.0,0.5,0.05,-2.0,3.0,EFFECT,EFFECT,3460.7071954807684,1.454297655837012,1.69374566824123e-07,0.029911186894460394
5.0,0.5,0.05,-1.0,1.0,EFFECT,NO_TEST,52.114818736720444,0.43976174175338006,1.6532064305292111e-07,0.1574878204408698
5.0,0.5,0.05,-1.0,1.5,EFFECT,NO_TEST,184.22667363061925,0.555750668753983,1.6936776126265946e-07,0.0305748952991774
5.0,0.5,0.05,-1.0,3.0,EFFECT,EFFECT,2146.2291089151076,1.263515833349702,1.6664130324559194e-07,0.13044116345093257
5.0,0.5,0.05,0.0,1.0,EFFECT,NO_TEST,13.97663389023421,0.41682077722520633,1.5378009804616642e-07,0.3047468079676242
5.0,0.5,0.05,0.0,1.5,EFFECT,NO_TEST,88.30336022885085,0.5982638117935976,1.535274231515665e-07,0.30718212459211935
5.0,0.5,0.05,0.0,3.0,EFFECT,EFFECT,1738.7225883665312,1.3491212663265044,1.532675974080661e-07,0.30966614781254065
5.0,0.5,0.05,1.0,1.0,EFFECT,NO_TEST,52.885287117457516,1.0259180551723477,6.830487982719664e-08,0.772694224696236
5.0,0.5,0.05,1.0,1.5,EFFECT,NO_TEST,184.9971420113563,1.0891928453371913,9.857669887143074e-08,0.6469053959758867
5.0,0.5,0.05,1.0,3.0,EFFECT,EFFECT,2146.9995607630926,1.619397549144274,1.2895794278656645e-07,0.4891614286495148
5.0,0.5,0.05,2.0,1.0,CROSSING_NO_MARGIN,CROSSING_NO_MARGIN,261.2969841068418,1.7226597476208974,1.1444512657346309e-08,0.9656511480711872
5.0,0.5,0.05,2.0,1.5,CROSSING_NO_MARGIN,CROSSING_NO_MARGIN,566.7642246665863,1.7341663447043973,4.100810466085251e-08,0.8706777422394556
5.0,0.5,0.05,2.0,3.0,EFFECT,EFFECT,3462.2480554840176,2.04390351924078,9.784311851377976e-08,0.650240398270308
5.0,0.5,0.1,-2.0,1.0,EFFECT,NO_TEST,160.99834886994893,0.7286536711250767,3.967677939805042e-07,0.11524497329518708
5.0,0.5,0.1,-2.0,1.5,EFFECT,NO_TEST,350.71830430153284,0.7634954254341916,4.0150103234460236e-07,0.03898134710787044
5.0,0.5,0.1,-2.0,3.0,EFFECT,EFFECT,2149.0489016277793,1.2918558091397685,3.937669071832136e-07,0.1440216732473258
5.0,0.5,0.1,-1.0,1.0,EFFECT,NO_TEST,32.275550471297265,0.3295205766697741,4.0158697693902266e-07,0.03613941099391163
5.0,0.5,0.1,-1.0,1.5,EFFECT,NO_TEST,114.32773772557076,0.5103176847320203,3.940183651643722e-07,0.1418353557287081
5.0,0.5,0.1,-1.0,3.0,EFFECT,NO_TEST,1332.8905383226004,1.2081122323350673,3.713021192759903e-07,0.2767367897489615
5.0,0.5,0.1,0.0,1.0,EFFECT,NO_TEST,8.82790317934955,0.5083549274786067,3.3211870054995587e-07,0.4171282443906138
5.0,0.5,0.1,0.0,1.5,EFFECT,NO_TEST,54.9908343745194,0.6660065382040785,3.3075544686795644e-07,0.4211711666123834
5.0,0.5,0.1,0.0,3.0,EFFECT,EFFECT,1080.0351626368458,1.2850506840690517,3.2935095413083926e-07,0.4252957669525779
5.0,0.5,0.1,1.0,1.0,EFFECT,NO_TEST,33.232597299540025,1.0256372523574524,1.39812541772251e-07,0.8076004040474466
5.0,0.5,0.1,1.0,1.5,EFFECT,NO_TEST,115.28478455381348,1.0770909764670504,2.0290760722989044e-07,0.7037716111776091
5.0,0.5,0.1,1.0,3.0,EFFECT,EFFECT,1333.8475646144805,1.5131505580283393,2.6944665048169196e-07,0.5743035898432186
5.0,0.5,0.1,2.0,1.0,CROSSING_NO_MARGIN,CROSSING_NO_MARGIN,162.9124425264345,1.6039338798744083,2.326650027411064e-08,0.9706269784681548
5.0,0.5,0.1,2.0,1.5,CROSSING_NO_MARGIN,CROSSING_NO_MARGIN,352.63239795801826,1.6132789767661515,8.285273625885936e-08,0.891007081372723
5.0,0.5,0.1,2.0,3.0,EFFECT,EFFECT,2150.9628999380866,1.8677743097550796,2.003782180794508e-07,0.7082253117336121
