b,T,pl_v1pct,v1_mean,v1_sd,abs_diff,pl_max_abs_gap,pl_noise_model,pl_noise_model_t0.005,pl_noise_model_t0.01,pl_noise_model_t0.03,pl_noise_model_t0.05
0.1,0.05,94.83333333333334,93.68333333333334,2.7782777327858783,1.1500000000000057,0.4793950357016068,87.5,94.25,91.66666666666667,84.25,79.33333333333333
0.1,0.1,94.5,72.08333333333333,10.806448120805202,22.41666666666667,0.49995884605131075,64.66666666666667,70.83333333333334,67.75,62.83333333333333,60.583333333333336
0.1,0.15,94.16666666666667,61.833333333333336,7.585317200818764,32.333333333333336,0.49967720207008176,58.833333333333336,62.5,60.66666666666667,57.75,56.333333333333336
0.1,0.2,94.0,57.93333333333334,5.49534033815002,36.06666666666666,0.4987347944183951,56.41666666666667,59.166666666666664,57.833333333333336,55.666666666666664,54.666666666666664
0.1,0.3,83.16666666666667,54.166666666666664,5.421151989096865,29.000000000000007,0.4942732332848589,54.333333333333336,56.25,55.25,53.833333333333336,53.083333333333336
0.1,0.5,55.333333333333336,51.78333333333334,4.477688171146435,3.549999999999997,0.47748460459125885,52.83333333333333,54.0,53.41666666666667,52.416666666666664,52.0
0.1,0.7,41.5,50.6,4.799819955471069,9.100000000000001,0.45650048718004665,52.16666666666667,53.083333333333336,52.583333333333336,51.83333333333333,51.5
0.1,1.0,33.666666666666664,50.983333333333334,3.5861961002064278,17.31666666666667,0.42529892664612484,51.66666666666667,52.416666666666664,52.0,51.416666666666664,51.16666666666667
0.3,0.05,95.0,94.76666666666668,0.504302476351568,0.23333333333332007,0.0803929111579128,85.0,94.33333333333334,91.16666666666667,78.99999999999999,67.33333333333333
0.3,0.1,94.83333333333334,91.7,6.018900272792963,3.13333333333334,0.4836296443990172,86.41666666666667,93.75,90.83333333333333,83.08333333333333,78.08333333333333
0.3,0.15,94.5,68.58333333333334,10.238890396093218,25.916666666666657,0.4998061737102273,65.91666666666667,72.66666666666666,69.33333333333334,63.916666666666664,61.416666666666664
0.3,0.2,94.33333333333334,60.85,11.061402697200277,33.48333333333334,0.4992416943527533,59.166666666666664,63.0,61.083333333333336,57.99999999999999,56.58333333333333
0.3,0.3,99.16666666666667,54.3,8.457884042071976,44.866666666666674,0.4958724161913616,54.833333333333336,56.91666666666667,55.91666666666667,54.25,53.5
0.3,0.5,99.83333333333333,51.6,4.004010335330332,48.23333333333333,0.4811666809529374,52.583333333333336,53.666666666666664,53.166666666666664,52.25,51.83333333333333
0.3,0.7,36.0,51.13333333333334,3.26863130641618,15.13333333333334,0.46115929625269025,51.83333333333333,52.583333333333336,52.25,51.583333333333336,51.33333333333333
0.3,1.0,25.166666666666664,51.06666666666667,3.5739109538673235,25.900000000000006,0.4298333911675018,51.33333333333333,51.83333333333333,51.583333333333336,51.16666666666667,50.916666666666664
0.5,0.05,95.0,91.75,5.772567094819906,3.25,0.0027645498369858745,50.0,50.0,50.0,50.0,50.0
0.5,0.1,95.0,94.76666666666668,0.3531166351571254,0.23333333333332007,0.2723999453045004,92.41666666666667,95.0,94.91666666666666,90.08333333333333,85.58333333333333
0.5,0.15,94.83333333333334,89.11666666666666,5.40921139365384,5.716666666666683,0.49154326982949925,83.33333333333333,92.0,88.33333333333334,79.83333333333333,75.0
0.5,0.2,94.66666666666667,67.58333333333333,9.12575043421933,27.083333333333343,0.4995228290341226,66.08333333333334,73.0,69.58333333333333,64.08333333333334,61.583333333333336
0.5,0.3,94.0,54.31666666666666,10.664192421369748,39.68333333333334,0.49708392171708365,56.58333333333333,59.416666666666664,57.99999999999999,55.833333333333336,54.75
0.5,0.5,55.50000000000001,51.13333333333334,4.445694268712618,4.366666666666667,0.48441355146553955,52.916666666666664,54.166666666666664,53.5,52.583333333333336,52.083333333333336
0.5,0.7,36.666666666666664,50.68333333333334,3.763412228940417,14.016666666666673,0.4655828358465446,51.916666666666664,52.666666666666664,52.25,51.66666666666667,51.33333333333333
0.5,1.0,99.16666666666667,51.0,3.914991761655079,48.16666666666667,0.43450236939825765,51.24999999999999,51.83333333333333,51.583333333333336,51.083333333333336,50.916666666666664
0.7,0.05,95.0,46.88333333333333,43.93219031278787,48.11666666666667,7.216065469989319e-05,50.0,50.0,50.0,50.0,50.0
0.7,0.1,95.0,94.86666666666667,0.5140014891653515,0.13333333333332575,0.07096668245153054,83.41666666666667,93.91666666666666,90.41666666666667,76.58333333333333,63.416666666666664
0.7,0.15,95.0,95.23333333333333,0.5942107536498202,0.23333333333333428,0.3919818104314182,92.25,95.0,94.75,89.91666666666667,85.75
0.7,0.2,94.83333333333334,84.08333333333333,9.278359928509078,10.750000000000014,0.49584721030416073,79.75,89.33333333333333,85.0,76.33333333333333,71.83333333333333
0.7,0.3,94.33333333333334,59.86666666666666,14.194373776732116,34.46666666666668,0.4979800052441621,59.66666666666667,63.83333333333334,61.74999999999999,58.5,56.91666666666667
0.7,0.5,61.5,50.96666666666666,5.878292353026883,10.533333333333339,0.4872373808043429,53.5,54.91666666666666,54.166666666666664,53.0,52.5
0.7,0.7,38.333333333333336,51.18333333333333,4.697287107771835,12.849999999999994,0.4697352512804499,52.083333333333336,52.916666666666664,52.5,51.83333333333333,51.5
0.7,1.0,98.83333333333333,51.46666666666666,3.4523207438647012,47.36666666666667,0.43923455903535813,51.33333333333333,51.83333333333333,51.583333333333336,51.16666666666667,50.916666666666664
1.0,0.05,95.0,40.08333333333333,51.28149438800186,54.91666666666667,2.5836120154387743e-07,50.0,50.0,50.0,50.0,50.0
1.0,0.1,95.0,94.21666666666667,1.4908155030712336,0.7833333333333314,0.005535974988758907,50.0,54.75,50.0,50.0,50.0
1.0,0.15,95.0,94.85,0.6356196548872677,0.15000000000000568,0.1312746019181424,89.25,95.0,93.33333333333333,85.33333333333333,77.75000000000001
1.0,0.2,95.0,94.81666666666668,0.5690038946253094,0.1833333333333229,0.3967093027109126,92.16666666666667,95.0,94.66666666666667,89.83333333333333,85.58333333333333
1.0,0.3,94.66666666666667,70.28333333333333,9.07242804420536,24.38333333333334,0.4987359999392125,68.66666666666667,76.5,72.58333333333333,66.33333333333333,63.33333333333333
1.0,0.5,89.16666666666667,52.333333333333336,9.271288482377019,36.833333333333336,0.4907257881393654,54.75,56.833333333333336,55.75,54.166666666666664,53.41666666666667
1.0,0.7,98.16666666666667,51.71666666666666,4.268062561009545,46.45000000000001,0.47538643490876104,52.5,53.583333333333336,53.0,52.16666666666667,51.74999999999999
1.0,1.0,27.333333333333332,52.31666666666668,4.133908263479514,24.983333333333345,0.4462743317956886,51.416666666666664,52.083333333333336,51.74999999999999,51.24999999999999,51.0
1.5,0.05,95.0,20.083333333333336,41.94442604856109,74.91666666666666,1.7727486145702187e-11,50.0,50.0,50.0,50.0,50.0
1.5,0.1,95.0,47.2,46.928419355544854,47.8,5.719820220689842e-05,50.0,50.0,50.0,50.0,50.0
1.5,0.15,95.0,94.15,2.0328323608717533,0.8499999999999943,0.008291248880997804,50.0,68.83333333333333,50.0,50.0,50.0
1.5,0.2,95.0,94.83333333333334,0.51520102752754,0.1666666666666572,0.0907857947285518,86.16666666666667,94.58333333333334,91.75,80.75,70.25
1.5,0.3,94.83333333333334,94.86666666666667,0.6421414789688904,0.03333333333333144,0.45279285874113717,90.33333333333333,95.08333333333333,93.58333333333334,87.5,82.91666666666666
1.5,0.5,94.33333333333334,57.65,7.192009454943729,36.683333333333344,0.49481277818431396,58.916666666666664,62.74999999999999,60.83333333333334,57.75,56.41666666666667
1.5,0.7,70.0,52.8,9.234529939844071,17.200000000000003,0.48314641833930044,53.666666666666664,55.25,54.50000000000001,53.25,52.666666666666664
1.5,1.0,35.0,52.93333333333334,3.580813067198877,17.933333333333337,0.45732986859235214,51.83333333333333,52.583333333333336,52.16666666666667,51.583333333333336,51.24999999999999
2.0,0.05,93.66666666666667,20.03333333333333,42.05858641654549,73.63333333333334,2.858824288409778e-15,50.0,50.0,50.0,50.0,50.0
2.0,0.1,95.0,40.05,51.41756257098094,54.95,5.179498714924513e-07,50.0,50.0,50.0,50.0,50.0
2.0,0.15,95.0,85.45,16.354115652196914,9.549999999999997,0.00040241241545080353,50.0,50.0,50.0,50.0,50.0
2.0,0.2,95.0,95.43333333333334,1.1711553860490116,0.4333333333333371,0.011030066311793152,50.0,75.83333333333334,54.41666666666667,50.0,50.0
2.0,0.3,95.0,94.83333333333334,0.5665577237325314,0.1666666666666572,0.2282320952800182,92.0,95.0,94.66666666666667,89.33333333333333,84.33333333333333
2.0,0.5,94.66666666666667,70.31666666666666,7.605411491209226,24.35000000000001,0.49714797379360454,68.0,75.66666666666666,71.83333333333333,65.75,62.916666666666664
2.0,0.7,93.83333333333333,54.5,6.586555704568413,39.33333333333333,0.4888974719224584,55.75,58.25,57.00000000000001,55.08333333333333,54.166666666666664
2.0,1.0,98.83333333333333,51.78333333333334,4.30048088037479,47.04999999999999,0.46702638341819336,52.33333333333333,53.41666666666667,52.916666666666664,52.083333333333336,51.66666666666667
3.0,0.05,0.0,69.95,48.231825080721165,69.95,4.3576253716537394e-15,50.0,50.0,50.0,50.0,50.0
3.0,0.1,95.0,40.06666666666667,51.546586863573715,54.93333333333333,3.55416807096276e-11,50.0,50.0,50.0,50.0,50.0
3.0,0.15,95.0,79.96666666666667,42.14618884985807,15.033333333333331,7.77375250837764e-07,50.0,50.0,50.0,50.0,50.0
3.0,0.2,95.0,69.8,40.50291865721638,25.200000000000003,0.00011452260451982887,50.0,50.0,50.0,50.0,50.0
3.0,0.3,95.0,94.91666666666667,1.212715552941281,0.0833333333333286,0.01645922943309358,50.0,82.91666666666666,68.5,50.0,50.0
3.0,0.5,95.0,94.9,0.8895830622776962,0.09999999999999432,0.41404021188666634,91.83333333333333,95.0,94.5,89.33333333333333,85.08333333333333
3.0,0.7,94.5,69.61666666666666,9.109434127510708,24.88333333333334,0.49559835180512685,65.91666666666667,72.75,69.33333333333334,63.916666666666664,61.416666666666664
3.0,1.0,95.83333333333334,52.25,6.4636925195784425,43.58333333333334,0.48162087114253094,54.41666666666667,56.333333333333336,55.41666666666667,53.91666666666667,53.166666666666664
5.0,0.05,2.3333333333333335,40.016666666666666,51.625458477024324,37.68333333333333,1.5987211554602254e-14,50.0,50.0,50.0,50.0,50.0
5.0,0.1,0.8333333333333334,40.016666666666666,51.625458477024324,39.18333333333333,5.551115123125783e-16,50.0,50.0,50.0,50.0,50.0
5.0,0.15,95.0,49.983333333333334,52.65198166108761,45.016666666666666,2.1223578450246805e-12,50.0,50.0,50.0,50.0,50.0
5.0,0.2,95.0,40.03333333333334,51.61112905154574,54.96666666666666,8.769467374492024e-09,50.0,50.0,50.0,50.0,50.0
5.0,0.3,95.0,35.15,42.92833893770661,59.85,3.6166950153015964e-05,50.0,50.0,50.0,50.0,50.0
5.0,0.5,95.0,95.05,0.8427248573438375,0.04999999999999716,0.027131995795715624,62.25000000000001,88.58333333333333,79.66666666666667,50.0,50.0
5.0,0.7,95.0,94.76666666666668,0.699205898780101,0.23333333333332007,0.30667378706338977,92.58333333333334,94.91666666666667,95.0,90.25000000000001,86.0
5.0,1.0,94.66666666666667,72.6,10.11971550861528,22.066666666666677,0.4951835348921595,69.25,77.41666666666667,73.33333333333334,66.83333333333333,63.83333333333334
